-- =============================================================================
-- Migration: 20260402_seed-dpdp-framework.sql
-- Module:    05_grc_library
-- Description: Seed Digital Personal Data Protection (DPDP) framework into the
--              global library. 24 requirements, 36 controls, 31 tests.
--              Extracted from dev on 2026-04-02.
-- =============================================================================

-- UP ==========================================================================

-- 1. Framework
INSERT INTO "05_grc_library"."10_fct_frameworks"
  (id, tenant_key, framework_code, framework_type_code, framework_category_code,
   scope_org_id, scope_workspace_id, approval_status, is_marketplace_visible,
   is_active, is_disabled, is_deleted, is_test, is_system, is_locked,
   created_at, updated_at, created_by, updated_by)
VALUES
  ('bf4ae427-bdbd-469d-9731-2c9ce5f37db4', 'default', 'dpdp_3', 'custom', 'security', NULL, NULL, 'approved', 't', 't', 'f', 'f', 'f', 'f', 'f', '2026-04-02 06:48:55.534235', '2026-04-02 07:13:24.870999', 'af88f921-2e07-48aa-a3e5-c556a2b2c223', 'af88f921-2e07-48aa-a3e5-c556a2b2c223')
ON CONFLICT (tenant_key, framework_code) DO UPDATE SET
  approval_status = EXCLUDED.approval_status,
  is_marketplace_visible = EXCLUDED.is_marketplace_visible,
  scope_org_id = NULL,
  scope_workspace_id = NULL,
  updated_at = EXCLUDED.updated_at;

-- 2. Framework properties
INSERT INTO "05_grc_library"."20_dtl_framework_properties"
  (id, framework_id, property_key, property_value, created_at, updated_at)
VALUES
  ('849c9630-878a-4f6c-8946-c71f454a7c0e', 'bf4ae427-bdbd-469d-9731-2c9ce5f37db4', 'name', 'Digital Personal Data Protection', '2026-04-02 06:48:55.534235', '2026-04-02 06:48:55.534235'),
  ('6fc87612-6f13-4ff2-b5ff-90b6aabb30d8', 'bf4ae427-bdbd-469d-9731-2c9ce5f37db4', 'publisher_type', 'internal', '2026-04-02 06:48:55.534235', '2026-04-02 06:48:55.534235'),
  ('17df0c27-eedd-4897-8016-8844dd8eea7f', 'bf4ae427-bdbd-469d-9731-2c9ce5f37db4', 'short_description', 'Digital Personal Data Protection', '2026-04-02 06:48:55.534235', '2026-04-02 06:48:55.534235')
ON CONFLICT (framework_id, property_key) DO UPDATE SET
  property_value = EXCLUDED.property_value, updated_at = EXCLUDED.updated_at;

-- 3. Framework version
INSERT INTO "05_grc_library"."11_fct_framework_versions"
  (id, framework_id, version_code, lifecycle_state, change_severity,
   is_deleted, is_locked, created_at, updated_at, created_by, updated_by)
VALUES
  ('b7161188-c46f-4ad9-ae2e-514dfcc78dad', 'bf4ae427-bdbd-469d-9731-2c9ce5f37db4', '1', 'published', 'major', 'f', 'f', '2026-04-02 07:13:24.870999', '2026-04-02 07:13:24.870999', 'af88f921-2e07-48aa-a3e5-c556a2b2c223', 'af88f921-2e07-48aa-a3e5-c556a2b2c223')
ON CONFLICT (framework_id, version_code) DO NOTHING;

-- 4. Requirements (24 total, depth-first order)
INSERT INTO "05_grc_library"."12_fct_requirements"
  (id, framework_id, parent_requirement_id, requirement_code, sort_order,
   is_active, is_disabled, is_deleted, is_test, is_system, is_locked, created_at, updated_at, created_by, updated_by)
VALUES
  ('77a6258f-38c8-4825-b12d-4b9e1cd48771', 'bf4ae427-bdbd-469d-9731-2c9ce5f37db4', NULL, 'CN', '1', 't', 'f', 'f', 'f', 'f', 'f', '2026-04-02 06:48:55.589178', '2026-04-02 06:48:55.589178', 'af88f921-2e07-48aa-a3e5-c556a2b2c223', 'af88f921-2e07-48aa-a3e5-c556a2b2c223'),
  ('bfae0077-81a3-4d87-99ca-f8cb88f9c83c', 'bf4ae427-bdbd-469d-9731-2c9ce5f37db4', NULL, 'DR', '2', 't', 'f', 'f', 'f', 'f', 'f', '2026-04-02 06:48:55.631315', '2026-04-02 06:48:55.631315', 'af88f921-2e07-48aa-a3e5-c556a2b2c223', 'af88f921-2e07-48aa-a3e5-c556a2b2c223'),
  ('86e6e16c-70ec-42db-809e-b1c607678a97', 'bf4ae427-bdbd-469d-9731-2c9ce5f37db4', NULL, 'DS', '3', 't', 'f', 'f', 'f', 'f', 'f', '2026-04-02 06:48:55.662743', '2026-04-02 06:48:55.662743', 'af88f921-2e07-48aa-a3e5-c556a2b2c223', 'af88f921-2e07-48aa-a3e5-c556a2b2c223'),
  ('eaf92fe0-46fa-4070-9c3c-f9a290bd9e5a', 'bf4ae427-bdbd-469d-9731-2c9ce5f37db4', NULL, 'BR', '4', 't', 'f', 'f', 'f', 'f', 'f', '2026-04-02 06:48:55.695239', '2026-04-02 06:48:55.695239', 'af88f921-2e07-48aa-a3e5-c556a2b2c223', 'af88f921-2e07-48aa-a3e5-c556a2b2c223'),
  ('23849615-e3c3-43e2-a442-c6d80c227049', 'bf4ae427-bdbd-469d-9731-2c9ce5f37db4', NULL, 'TP', '5', 't', 'f', 'f', 'f', 'f', 'f', '2026-04-02 06:48:55.726297', '2026-04-02 06:48:55.726297', 'af88f921-2e07-48aa-a3e5-c556a2b2c223', 'af88f921-2e07-48aa-a3e5-c556a2b2c223'),
  ('badc9417-8e2f-4930-a775-cd5106ec1053', 'bf4ae427-bdbd-469d-9731-2c9ce5f37db4', NULL, 'GV', '6', 't', 'f', 'f', 'f', 'f', 'f', '2026-04-02 06:48:55.761007', '2026-04-02 06:48:55.761007', 'af88f921-2e07-48aa-a3e5-c556a2b2c223', 'af88f921-2e07-48aa-a3e5-c556a2b2c223'),
  ('4605fc8f-8192-4dae-8951-fa57978ca56c', 'bf4ae427-bdbd-469d-9731-2c9ce5f37db4', '86e6e16c-70ec-42db-809e-b1c607678a97', 'DS.1', '1', 't', 'f', 'f', 'f', 'f', 'f', '2026-04-02 06:48:55.947229', '2026-04-02 06:48:55.947229', 'af88f921-2e07-48aa-a3e5-c556a2b2c223', 'af88f921-2e07-48aa-a3e5-c556a2b2c223'),
  ('8a4d1820-c312-42b1-beaa-eea8aed66b88', 'bf4ae427-bdbd-469d-9731-2c9ce5f37db4', '77a6258f-38c8-4825-b12d-4b9e1cd48771', 'CN.1', '1', 't', 'f', 'f', 'f', 'f', 'f', '2026-04-02 06:48:55.789758', '2026-04-02 06:48:55.789758', 'af88f921-2e07-48aa-a3e5-c556a2b2c223', 'af88f921-2e07-48aa-a3e5-c556a2b2c223'),
  ('a743ca40-13d5-4d19-a7a8-1d868ccc9d59', 'bf4ae427-bdbd-469d-9731-2c9ce5f37db4', 'bfae0077-81a3-4d87-99ca-f8cb88f9c83c', 'DR.1', '1', 't', 'f', 'f', 'f', 'f', 'f', '2026-04-02 06:48:55.871892', '2026-04-02 06:48:55.871892', 'af88f921-2e07-48aa-a3e5-c556a2b2c223', 'af88f921-2e07-48aa-a3e5-c556a2b2c223'),
  ('f756a203-0020-4664-914d-37022f1809e1', 'bf4ae427-bdbd-469d-9731-2c9ce5f37db4', 'eaf92fe0-46fa-4070-9c3c-f9a290bd9e5a', 'BR.1', '1', 't', 'f', 'f', 'f', 'f', 'f', '2026-04-02 06:48:56.021768', '2026-04-02 06:48:56.021768', 'af88f921-2e07-48aa-a3e5-c556a2b2c223', 'af88f921-2e07-48aa-a3e5-c556a2b2c223'),
  ('74203051-2264-4de1-9218-7d70f708bbfc', 'bf4ae427-bdbd-469d-9731-2c9ce5f37db4', '23849615-e3c3-43e2-a442-c6d80c227049', 'TP.1', '1', 't', 'f', 'f', 'f', 'f', 'f', '2026-04-02 06:48:56.096586', '2026-04-02 06:48:56.096586', 'af88f921-2e07-48aa-a3e5-c556a2b2c223', 'af88f921-2e07-48aa-a3e5-c556a2b2c223'),
  ('d55fc58e-459e-4c34-a702-86d94ad22e97', 'bf4ae427-bdbd-469d-9731-2c9ce5f37db4', 'badc9417-8e2f-4930-a775-cd5106ec1053', 'GV.1', '1', 't', 'f', 'f', 'f', 'f', 'f', '2026-04-02 06:48:56.180448', '2026-04-02 06:48:56.180448', 'af88f921-2e07-48aa-a3e5-c556a2b2c223', 'af88f921-2e07-48aa-a3e5-c556a2b2c223'),
  ('3efe8709-053f-4702-a461-abec7d0128b3', 'bf4ae427-bdbd-469d-9731-2c9ce5f37db4', '77a6258f-38c8-4825-b12d-4b9e1cd48771', 'CN.2', '2', 't', 'f', 'f', 'f', 'f', 'f', '2026-04-02 06:48:55.816598', '2026-04-02 06:48:55.816598', 'af88f921-2e07-48aa-a3e5-c556a2b2c223', 'af88f921-2e07-48aa-a3e5-c556a2b2c223'),
  ('b185fd6a-0424-433e-9432-d9825d3ffb2d', 'bf4ae427-bdbd-469d-9731-2c9ce5f37db4', '86e6e16c-70ec-42db-809e-b1c607678a97', 'DS.2', '2', 't', 'f', 'f', 'f', 'f', 'f', '2026-04-02 06:48:55.971318', '2026-04-02 06:48:55.971318', 'af88f921-2e07-48aa-a3e5-c556a2b2c223', 'af88f921-2e07-48aa-a3e5-c556a2b2c223'),
  ('ca5d7bad-1ce1-4f89-8683-8538d8ffb965', 'bf4ae427-bdbd-469d-9731-2c9ce5f37db4', 'eaf92fe0-46fa-4070-9c3c-f9a290bd9e5a', 'BR.2', '2', 't', 'f', 'f', 'f', 'f', 'f', '2026-04-02 06:48:56.045582', '2026-04-02 06:48:56.045582', 'af88f921-2e07-48aa-a3e5-c556a2b2c223', 'af88f921-2e07-48aa-a3e5-c556a2b2c223'),
  ('f8a1b3ff-3bc3-46f7-8ea9-009c64300048', 'bf4ae427-bdbd-469d-9731-2c9ce5f37db4', 'badc9417-8e2f-4930-a775-cd5106ec1053', 'GV.2', '2', 't', 'f', 'f', 'f', 'f', 'f', '2026-04-02 06:48:56.206746', '2026-04-02 06:48:56.206746', 'af88f921-2e07-48aa-a3e5-c556a2b2c223', 'af88f921-2e07-48aa-a3e5-c556a2b2c223'),
  ('aca4f0d1-cdd5-42c6-87a9-de9d00cc8a4c', 'bf4ae427-bdbd-469d-9731-2c9ce5f37db4', '23849615-e3c3-43e2-a442-c6d80c227049', 'TP.2', '2', 't', 'f', 'f', 'f', 'f', 'f', '2026-04-02 06:48:56.12277', '2026-04-02 06:48:56.12277', 'af88f921-2e07-48aa-a3e5-c556a2b2c223', 'af88f921-2e07-48aa-a3e5-c556a2b2c223'),
  ('b214ac95-3d4a-43a6-9dc7-ba8c4242abfe', 'bf4ae427-bdbd-469d-9731-2c9ce5f37db4', 'bfae0077-81a3-4d87-99ca-f8cb88f9c83c', 'DR.2', '2', 't', 'f', 'f', 'f', 'f', 'f', '2026-04-02 06:48:55.896987', '2026-04-02 06:48:55.896987', 'af88f921-2e07-48aa-a3e5-c556a2b2c223', 'af88f921-2e07-48aa-a3e5-c556a2b2c223'),
  ('3ad741a4-4131-46ab-a94f-5008da2d6d5a', 'bf4ae427-bdbd-469d-9731-2c9ce5f37db4', '23849615-e3c3-43e2-a442-c6d80c227049', 'TP.3', '3', 't', 'f', 'f', 'f', 'f', 'f', '2026-04-02 06:48:56.151869', '2026-04-02 06:48:56.151869', 'af88f921-2e07-48aa-a3e5-c556a2b2c223', 'af88f921-2e07-48aa-a3e5-c556a2b2c223'),
  ('5a7a4773-3227-4c89-b9c0-d7ba20dc0c79', 'bf4ae427-bdbd-469d-9731-2c9ce5f37db4', 'bfae0077-81a3-4d87-99ca-f8cb88f9c83c', 'DR.3', '3', 't', 'f', 'f', 'f', 'f', 'f', '2026-04-02 06:48:55.922954', '2026-04-02 06:48:55.922954', 'af88f921-2e07-48aa-a3e5-c556a2b2c223', 'af88f921-2e07-48aa-a3e5-c556a2b2c223'),
  ('8ec07dfc-df98-4e54-b16a-ea0d2dce5dbc', 'bf4ae427-bdbd-469d-9731-2c9ce5f37db4', '86e6e16c-70ec-42db-809e-b1c607678a97', 'DS.3', '3', 't', 'f', 'f', 'f', 'f', 'f', '2026-04-02 06:48:55.997662', '2026-04-02 06:48:55.997662', 'af88f921-2e07-48aa-a3e5-c556a2b2c223', 'af88f921-2e07-48aa-a3e5-c556a2b2c223'),
  ('70c6a365-7e92-4155-8363-ecec509f45cd', 'bf4ae427-bdbd-469d-9731-2c9ce5f37db4', 'badc9417-8e2f-4930-a775-cd5106ec1053', 'GV.3', '3', 't', 'f', 'f', 'f', 'f', 'f', '2026-04-02 06:48:56.233216', '2026-04-02 06:48:56.233216', 'af88f921-2e07-48aa-a3e5-c556a2b2c223', 'af88f921-2e07-48aa-a3e5-c556a2b2c223'),
  ('1eab279c-0ba3-43d6-b63a-1b6aac4e0d9c', 'bf4ae427-bdbd-469d-9731-2c9ce5f37db4', '77a6258f-38c8-4825-b12d-4b9e1cd48771', 'CN.3', '3', 't', 'f', 'f', 'f', 'f', 'f', '2026-04-02 06:48:55.845036', '2026-04-02 06:48:55.845036', 'af88f921-2e07-48aa-a3e5-c556a2b2c223', 'af88f921-2e07-48aa-a3e5-c556a2b2c223'),
  ('ec06de60-692a-4c32-b5f1-d54f6e8ccbb0', 'bf4ae427-bdbd-469d-9731-2c9ce5f37db4', 'eaf92fe0-46fa-4070-9c3c-f9a290bd9e5a', 'BR.3', '3', 't', 'f', 'f', 'f', 'f', 'f', '2026-04-02 06:48:56.070287', '2026-04-02 06:48:56.070287', 'af88f921-2e07-48aa-a3e5-c556a2b2c223', 'af88f921-2e07-48aa-a3e5-c556a2b2c223')
ON CONFLICT (framework_id, requirement_code) DO NOTHING;

-- 5. Requirement properties
INSERT INTO "05_grc_library"."22_dtl_requirement_properties"
  (id, requirement_id, property_key, property_value, created_at, updated_at)
VALUES
  ('285a3335-0f91-4fee-9a1a-d733ffcb1ebb', '77a6258f-38c8-4825-b12d-4b9e1cd48771', 'name', 'Consent and Notice Management', '2026-04-02 06:48:55.589178', '2026-04-02 06:48:55.589178'),
  ('06ecaf72-4a91-4ffb-86b3-7d851c16a9be', '77a6258f-38c8-4825-b12d-4b9e1cd48771', 'description', 'Ensure personal data is processed based on valid, transparent, and lawful consent from data principals.', '2026-04-02 06:48:55.589178', '2026-04-02 06:48:55.589178'),
  ('e4a4c5b6-9870-4055-8437-8befb164566e', 'bfae0077-81a3-4d87-99ca-f8cb88f9c83c', 'name', 'Data Principal Rights', '2026-04-02 06:48:55.631315', '2026-04-02 06:48:55.631315'),
  ('38fbd4aa-7a33-4538-b8d0-296a58ede31d', 'bfae0077-81a3-4d87-99ca-f8cb88f9c83c', 'description', 'Ensure mechanisms exist to support and fulfill the rights of data principals regarding their personal data.', '2026-04-02 06:48:55.631315', '2026-04-02 06:48:55.631315'),
  ('8c372dcb-aeb7-4a18-b22b-a7833fd257b5', '86e6e16c-70ec-42db-809e-b1c607678a97', 'name', 'Data Security Safeguards', '2026-04-02 06:48:55.662743', '2026-04-02 06:48:55.662743'),
  ('43e0caf4-41e5-4c4b-948e-669449802e84', '86e6e16c-70ec-42db-809e-b1c607678a97', 'description', 'Implement technical and organizational safeguards to protect personal data from unauthorized access and loss.', '2026-04-02 06:48:55.662743', '2026-04-02 06:48:55.662743'),
  ('45d1fc7a-02ae-4fe7-bbc0-21c7e75b10df', 'eaf92fe0-46fa-4070-9c3c-f9a290bd9e5a', 'name', 'Breach and Incident Management', '2026-04-02 06:48:55.695239', '2026-04-02 06:48:55.695239'),
  ('9dcec299-7e67-45cd-9d32-86912f67216b', 'eaf92fe0-46fa-4070-9c3c-f9a290bd9e5a', 'description', 'Establish processes to detect, respond to, and report personal data breaches promptly.', '2026-04-02 06:48:55.695239', '2026-04-02 06:48:55.695239'),
  ('9ac51af6-0b69-40a8-8448-372cab9e7f0a', '23849615-e3c3-43e2-a442-c6d80c227049', 'name', 'Third Party and Cross Border Data Processing', '2026-04-02 06:48:55.726297', '2026-04-02 06:48:55.726297'),
  ('f82095f7-8f47-4979-beaf-9f03e6342fa5', '23849615-e3c3-43e2-a442-c6d80c227049', 'description', 'Ensure personal data shared with processors and across jurisdictions remains protected and lawful.', '2026-04-02 06:48:55.726297', '2026-04-02 06:48:55.726297'),
  ('24fe2b7b-ce3c-4ac7-aef3-574d827090c5', 'badc9417-8e2f-4930-a775-cd5106ec1053', 'name', 'Data Protection Governance', '2026-04-02 06:48:55.761007', '2026-04-02 06:48:55.761007'),
  ('b8c02709-8508-4b4e-bf16-44d3943d7c31', 'badc9417-8e2f-4930-a775-cd5106ec1053', 'description', 'Establish governance structures, accountability, and oversight for personal data protection.', '2026-04-02 06:48:55.761007', '2026-04-02 06:48:55.761007'),
  ('ad05ae33-9448-4cce-9603-0919d6399ccc', '8a4d1820-c312-42b1-beaa-eea8aed66b88', 'name', 'Transparent Privacy Notices', '2026-04-02 06:48:55.789758', '2026-04-02 06:48:55.789758'),
  ('430c7b7f-caf1-40d3-a8de-3e8ef3cca328', '8a4d1820-c312-42b1-beaa-eea8aed66b88', 'description', 'Organizations must provide clear notice describing how personal data is collected and used.', '2026-04-02 06:48:55.789758', '2026-04-02 06:48:55.789758'),
  ('f4c09d69-ee15-4754-b301-6a3a3af0f1ec', '3efe8709-053f-4702-a461-abec7d0128b3', 'name', 'Consent Collection and Validation', '2026-04-02 06:48:55.816598', '2026-04-02 06:48:55.816598'),
  ('27c8f9d4-3c74-4874-a3ac-fbd4070ffbbe', '3efe8709-053f-4702-a461-abec7d0128b3', 'description', 'Consent must be explicit, verifiable, and obtained prior to processing personal data.', '2026-04-02 06:48:55.816598', '2026-04-02 06:48:55.816598'),
  ('74cb8767-1757-44b3-826f-c7c3e50c017b', '1eab279c-0ba3-43d6-b63a-1b6aac4e0d9c', 'name', 'Consent Withdrawal Management', '2026-04-02 06:48:55.845036', '2026-04-02 06:48:55.845036'),
  ('78f2a2b8-4479-409b-831a-f3ee47bb5be2', '1eab279c-0ba3-43d6-b63a-1b6aac4e0d9c', 'description', 'Data principals must be able to withdraw consent easily and have processing halted accordingly.', '2026-04-02 06:48:55.845036', '2026-04-02 06:48:55.845036'),
  ('e7ad316c-7a1c-4ff9-9577-b97ad0b7d1dc', 'a743ca40-13d5-4d19-a7a8-1d868ccc9d59', 'name', 'Access and Correction Rights', '2026-04-02 06:48:55.871892', '2026-04-02 06:48:55.871892'),
  ('44d0aca2-f3bb-4fc4-b879-dcd07090a450', 'a743ca40-13d5-4d19-a7a8-1d868ccc9d59', 'description', 'Data principals must be able to access and correct personal data maintained by the organization.', '2026-04-02 06:48:55.871892', '2026-04-02 06:48:55.871892'),
  ('575b88a8-c3fa-458c-9444-798894985dc9', 'b214ac95-3d4a-43a6-9dc7-ba8c4242abfe', 'name', 'Data Erasure Requests', '2026-04-02 06:48:55.896987', '2026-04-02 06:48:55.896987'),
  ('069887bb-0cd6-42fa-a668-8dd52c9483ce', 'b214ac95-3d4a-43a6-9dc7-ba8c4242abfe', 'description', 'Organizations must provide mechanisms to delete personal data when legally required or requested.', '2026-04-02 06:48:55.896987', '2026-04-02 06:48:55.896987'),
  ('0368ad9d-0b62-4b15-bb0d-4a3e136d9435', '5a7a4773-3227-4c89-b9c0-d7ba20dc0c79', 'name', 'Grievance Redressal Process', '2026-04-02 06:48:55.922954', '2026-04-02 06:48:55.922954'),
  ('b2a9d1e0-5541-43ad-9b75-6133ae679189', '5a7a4773-3227-4c89-b9c0-d7ba20dc0c79', 'description', 'A structured grievance process must exist to resolve complaints from data principals.', '2026-04-02 06:48:55.922954', '2026-04-02 06:48:55.922954'),
  ('2db22b3f-1a9b-4790-8a07-29825ce663bc', '4605fc8f-8192-4dae-8951-fa57978ca56c', 'name', 'Access Control for Personal Data', '2026-04-02 06:48:55.947229', '2026-04-02 06:48:55.947229'),
  ('2be59957-96ea-48d0-8bfe-f76d240c1c06', '4605fc8f-8192-4dae-8951-fa57978ca56c', 'description', 'Access to personal data must be restricted based on roles and business need.', '2026-04-02 06:48:55.947229', '2026-04-02 06:48:55.947229'),
  ('a4132804-7cf1-4080-b29a-e3e819d875ef', 'b185fd6a-0424-433e-9432-d9825d3ffb2d', 'name', 'Data Protection and Encryption', '2026-04-02 06:48:55.971318', '2026-04-02 06:48:55.971318'),
  ('4f0c3f9c-d487-407e-bedf-784dd4ef8470', 'b185fd6a-0424-433e-9432-d9825d3ffb2d', 'description', 'Personal data must be protected using encryption and secure storage practices.', '2026-04-02 06:48:55.971318', '2026-04-02 06:48:55.971318'),
  ('d8a90365-59bd-4890-81e5-39f010d7f4ce', '8ec07dfc-df98-4e54-b16a-ea0d2dce5dbc', 'name', 'Secure Processing and Storage', '2026-04-02 06:48:55.997662', '2026-04-02 06:48:55.997662'),
  ('0cc5f156-9629-49b0-bd32-f2aa10ddb52b', '8ec07dfc-df98-4e54-b16a-ea0d2dce5dbc', 'description', 'Systems processing personal data must enforce secure configuration and vulnerability management.', '2026-04-02 06:48:55.997662', '2026-04-02 06:48:55.997662'),
  ('922a0396-df4d-4a33-b005-19656524045f', 'f756a203-0020-4664-914d-37022f1809e1', 'name', 'Incident Detection and Monitoring', '2026-04-02 06:48:56.021768', '2026-04-02 06:48:56.021768'),
  ('23f6df34-ac80-4002-936b-002edab8b112', 'f756a203-0020-4664-914d-37022f1809e1', 'description', 'Organizations must monitor systems to detect suspicious activity involving personal data.', '2026-04-02 06:48:56.021768', '2026-04-02 06:48:56.021768'),
  ('0912f58a-b571-4b21-aa80-27f27bad1b2f', 'ca5d7bad-1ce1-4f89-8683-8538d8ffb965', 'name', 'Breach Response Procedures', '2026-04-02 06:48:56.045582', '2026-04-02 06:48:56.045582'),
  ('d481b4db-1866-4a22-a471-fb95e40cce94', 'ca5d7bad-1ce1-4f89-8683-8538d8ffb965', 'description', 'A formal incident response plan must exist for personal data breach scenarios.', '2026-04-02 06:48:56.045582', '2026-04-02 06:48:56.045582'),
  ('369f2294-e629-4d71-820d-d77c510d8dcc', 'ec06de60-692a-4c32-b5f1-d54f6e8ccbb0', 'name', 'Regulatory Breach Notification', '2026-04-02 06:48:56.070287', '2026-04-02 06:48:56.070287'),
  ('71adf1ee-d25a-40bf-bf25-f880b2178316', 'ec06de60-692a-4c32-b5f1-d54f6e8ccbb0', 'description', 'Personal data breaches must be reported to relevant authorities and impacted individuals where required.', '2026-04-02 06:48:56.070287', '2026-04-02 06:48:56.070287'),
  ('23411a0e-5099-4e01-83d9-2d49b9c1b2f6', '74203051-2264-4de1-9218-7d70f708bbfc', 'name', 'Third Party Processor Governance', '2026-04-02 06:48:56.096586', '2026-04-02 06:48:56.096586'),
  ('3edb7a15-8c5c-4418-95b8-354c2c64cf17', '74203051-2264-4de1-9218-7d70f708bbfc', 'description', 'Organizations must evaluate and manage the compliance posture of third party processors.', '2026-04-02 06:48:56.096586', '2026-04-02 06:48:56.096586'),
  ('779eedf4-878b-4d4d-acdf-f0c05d643ea3', 'aca4f0d1-cdd5-42c6-87a9-de9d00cc8a4c', 'name', 'Cross Border Data Transfer Controls', '2026-04-02 06:48:56.12277', '2026-04-02 06:48:56.12277'),
  ('d90bf829-f7e8-4f58-a0ba-4fbdd34aa9c0', 'aca4f0d1-cdd5-42c6-87a9-de9d00cc8a4c', 'description', 'Transfers of personal data outside the jurisdiction must comply with legal restrictions.', '2026-04-02 06:48:56.12277', '2026-04-02 06:48:56.12277'),
  ('c32a4b09-d3a7-4863-9748-c50533449344', '3ad741a4-4131-46ab-a94f-5008da2d6d5a', 'name', 'Processor Contractual Safeguards', '2026-04-02 06:48:56.151869', '2026-04-02 06:48:56.151869'),
  ('aa0feb96-37bf-4825-bce2-f4444677e6fe', '3ad741a4-4131-46ab-a94f-5008da2d6d5a', 'description', 'Contracts with processors must include obligations for data protection and breach reporting.', '2026-04-02 06:48:56.151869', '2026-04-02 06:48:56.151869'),
  ('333d16f4-0891-49dd-8311-4fe52b957f1c', 'd55fc58e-459e-4c34-a702-86d94ad22e97', 'name', 'Data Protection Policies', '2026-04-02 06:48:56.180448', '2026-04-02 06:48:56.180448'),
  ('79e30284-5e22-4421-9d57-d83ff7923148', 'd55fc58e-459e-4c34-a702-86d94ad22e97', 'description', 'Organizations must maintain documented policies governing personal data handling.', '2026-04-02 06:48:56.180448', '2026-04-02 06:48:56.180448'),
  ('0e1bba89-cfe9-4c1f-870c-90f65490776d', 'f8a1b3ff-3bc3-46f7-8ea9-009c64300048', 'name', 'Data Inventory and Classification', '2026-04-02 06:48:56.206746', '2026-04-02 06:48:56.206746'),
  ('dc807f6f-c6e1-487d-bc99-c6f42136735c', 'f8a1b3ff-3bc3-46f7-8ea9-009c64300048', 'description', 'Personal data assets must be inventoried and classified to enable effective protection.', '2026-04-02 06:48:56.206746', '2026-04-02 06:48:56.206746'),
  ('f59262c3-6957-422c-81ae-ac9ed8fb1043', '70c6a365-7e92-4155-8363-ecec509f45cd', 'name', 'Training and Awareness', '2026-04-02 06:48:56.233216', '2026-04-02 06:48:56.233216'),
  ('4db9cf0e-afd6-46bc-8e9e-c2bbc5b267d3', '70c6a365-7e92-4155-8363-ecec509f45cd', 'description', 'Employees must receive training on personal data protection obligations and practices.', '2026-04-02 06:48:56.233216', '2026-04-02 06:48:56.233216')
ON CONFLICT (requirement_id, property_key) DO UPDATE SET
  property_value = EXCLUDED.property_value, updated_at = EXCLUDED.updated_at;

-- 6. Controls (36 total)
INSERT INTO "05_grc_library"."13_fct_controls"
  (id, framework_id, requirement_id, tenant_key, control_code,
   control_category_code, criticality_code, control_type, automation_potential,
   sort_order, is_active, is_disabled, is_deleted, is_test, is_system, is_locked,
   created_at, updated_at, created_by, updated_by, version)
VALUES
  ('2a55dcac-29b7-42fb-9c0b-2d1acec67db4', 'bf4ae427-bdbd-469d-9731-2c9ce5f37db4', '8a4d1820-c312-42b1-beaa-eea8aed66b88', 'default', 'CN.1-01', 'compliance', 'high', 'preventive', 'manual', '0', 't', 'f', 'f', 'f', 'f', 'f', '2026-04-02 06:48:56.259815', '2026-04-02 06:48:56.259815', 'af88f921-2e07-48aa-a3e5-c556a2b2c223', 'af88f921-2e07-48aa-a3e5-c556a2b2c223', '1'),
  ('23a06dc5-5d43-46c1-b3c8-25f221c0a3ee', 'bf4ae427-bdbd-469d-9731-2c9ce5f37db4', '8a4d1820-c312-42b1-beaa-eea8aed66b88', 'default', 'CN.1-02', 'compliance', 'medium', 'detective', 'partial', '0', 't', 'f', 'f', 'f', 'f', 'f', '2026-04-02 06:48:56.296266', '2026-04-02 06:48:56.296266', 'af88f921-2e07-48aa-a3e5-c556a2b2c223', 'af88f921-2e07-48aa-a3e5-c556a2b2c223', '1'),
  ('d94c10ab-adfb-43b8-9e31-3317b68ec238', 'bf4ae427-bdbd-469d-9731-2c9ce5f37db4', '3efe8709-053f-4702-a461-abec7d0128b3', 'default', 'CN.2-01', 'compliance', 'critical', 'preventive', 'full', '0', 't', 'f', 'f', 'f', 'f', 'f', '2026-04-02 06:48:56.322793', '2026-04-02 06:48:56.322793', 'af88f921-2e07-48aa-a3e5-c556a2b2c223', 'af88f921-2e07-48aa-a3e5-c556a2b2c223', '1'),
  ('f3919571-100e-4f52-adef-01ca9777ec2e', 'bf4ae427-bdbd-469d-9731-2c9ce5f37db4', '3efe8709-053f-4702-a461-abec7d0128b3', 'default', 'CN.2-02', 'compliance', 'high', 'preventive', 'full', '0', 't', 'f', 'f', 'f', 'f', 'f', '2026-04-02 06:48:56.350053', '2026-04-02 06:48:56.350053', 'af88f921-2e07-48aa-a3e5-c556a2b2c223', 'af88f921-2e07-48aa-a3e5-c556a2b2c223', '1'),
  ('2e3d58ad-3216-43f3-ae80-6c3880840089', 'bf4ae427-bdbd-469d-9731-2c9ce5f37db4', '1eab279c-0ba3-43d6-b63a-1b6aac4e0d9c', 'default', 'CN.3-01', 'compliance', 'high', 'preventive', 'full', '0', 't', 'f', 'f', 'f', 'f', 'f', '2026-04-02 06:48:56.402739', '2026-04-02 06:48:56.402739', 'af88f921-2e07-48aa-a3e5-c556a2b2c223', 'af88f921-2e07-48aa-a3e5-c556a2b2c223', '1'),
  ('5ad49965-4ff7-4f92-9f5c-c1278104a25a', 'bf4ae427-bdbd-469d-9731-2c9ce5f37db4', '1eab279c-0ba3-43d6-b63a-1b6aac4e0d9c', 'default', 'CN.3-02', 'compliance', 'medium', 'detective', 'partial', '0', 't', 'f', 'f', 'f', 'f', 'f', '2026-04-02 06:48:56.428023', '2026-04-02 06:48:56.428023', 'af88f921-2e07-48aa-a3e5-c556a2b2c223', 'af88f921-2e07-48aa-a3e5-c556a2b2c223', '1'),
  ('b28a0d6d-9207-4768-b27d-aba098b840f8', 'bf4ae427-bdbd-469d-9731-2c9ce5f37db4', 'a743ca40-13d5-4d19-a7a8-1d868ccc9d59', 'default', 'DR.1-01', 'data_protection', 'high', 'preventive', 'partial', '0', 't', 'f', 'f', 'f', 'f', 'f', '2026-04-02 06:48:56.46186', '2026-04-02 06:48:56.46186', 'af88f921-2e07-48aa-a3e5-c556a2b2c223', 'af88f921-2e07-48aa-a3e5-c556a2b2c223', '1'),
  ('e90aa7ac-0fb3-4df5-83bd-076109cb2756', 'bf4ae427-bdbd-469d-9731-2c9ce5f37db4', 'a743ca40-13d5-4d19-a7a8-1d868ccc9d59', 'default', 'DR.1-02', 'data_protection', 'medium', 'corrective', 'partial', '0', 't', 'f', 'f', 'f', 'f', 'f', '2026-04-02 06:48:56.492493', '2026-04-02 06:48:56.492493', 'af88f921-2e07-48aa-a3e5-c556a2b2c223', 'af88f921-2e07-48aa-a3e5-c556a2b2c223', '1'),
  ('2c17b690-8384-4633-9877-63b003735b5f', 'bf4ae427-bdbd-469d-9731-2c9ce5f37db4', 'b214ac95-3d4a-43a6-9dc7-ba8c4242abfe', 'default', 'DR.2-01', 'data_protection', 'high', 'corrective', 'partial', '0', 't', 'f', 'f', 'f', 'f', 'f', '2026-04-02 06:48:56.516558', '2026-04-02 06:48:56.516558', 'af88f921-2e07-48aa-a3e5-c556a2b2c223', 'af88f921-2e07-48aa-a3e5-c556a2b2c223', '1'),
  ('b50943e0-0f78-45cd-91d8-0ca6d2dc6a51', 'bf4ae427-bdbd-469d-9731-2c9ce5f37db4', 'b214ac95-3d4a-43a6-9dc7-ba8c4242abfe', 'default', 'DR.2-02', 'data_protection', 'medium', 'detective', 'partial', '0', 't', 'f', 'f', 'f', 'f', 'f', '2026-04-02 06:48:56.538619', '2026-04-02 06:48:56.538619', 'af88f921-2e07-48aa-a3e5-c556a2b2c223', 'af88f921-2e07-48aa-a3e5-c556a2b2c223', '1'),
  ('9004c49f-e0ab-4a3c-bdd1-746fb6cd12c9', 'bf4ae427-bdbd-469d-9731-2c9ce5f37db4', '5a7a4773-3227-4c89-b9c0-d7ba20dc0c79', 'default', 'DR.3-01', 'compliance', 'medium', 'preventive', 'manual', '0', 't', 'f', 'f', 'f', 'f', 'f', '2026-04-02 06:48:56.56241', '2026-04-02 06:48:56.56241', 'af88f921-2e07-48aa-a3e5-c556a2b2c223', 'af88f921-2e07-48aa-a3e5-c556a2b2c223', '1'),
  ('3e8ca063-8d91-40d4-9bb7-513987b0c62a', 'bf4ae427-bdbd-469d-9731-2c9ce5f37db4', '5a7a4773-3227-4c89-b9c0-d7ba20dc0c79', 'default', 'DR.3-02', 'compliance', 'medium', 'detective', 'partial', '0', 't', 'f', 'f', 'f', 'f', 'f', '2026-04-02 06:48:56.587623', '2026-04-02 06:48:56.587623', 'af88f921-2e07-48aa-a3e5-c556a2b2c223', 'af88f921-2e07-48aa-a3e5-c556a2b2c223', '1'),
  ('62c64792-9f87-44e6-95a1-df2c0c9f1c21', 'bf4ae427-bdbd-469d-9731-2c9ce5f37db4', '4605fc8f-8192-4dae-8951-fa57978ca56c', 'default', 'DS.1-01', 'access_control', 'critical', 'preventive', 'partial', '0', 't', 'f', 'f', 'f', 'f', 'f', '2026-04-02 06:48:56.609832', '2026-04-02 06:48:56.609832', 'af88f921-2e07-48aa-a3e5-c556a2b2c223', 'af88f921-2e07-48aa-a3e5-c556a2b2c223', '1'),
  ('911e2a3f-dd1d-4aa7-878b-36f97d84289c', 'bf4ae427-bdbd-469d-9731-2c9ce5f37db4', '4605fc8f-8192-4dae-8951-fa57978ca56c', 'default', 'DS.1-02', 'access_control', 'high', 'detective', 'partial', '0', 't', 'f', 'f', 'f', 'f', 'f', '2026-04-02 06:48:56.634417', '2026-04-02 06:48:56.634417', 'af88f921-2e07-48aa-a3e5-c556a2b2c223', 'af88f921-2e07-48aa-a3e5-c556a2b2c223', '1'),
  ('3385f7dd-6c74-420d-8b3b-983a6abf45b0', 'bf4ae427-bdbd-469d-9731-2c9ce5f37db4', 'b185fd6a-0424-433e-9432-d9825d3ffb2d', 'default', 'DS.2-01', 'cryptography', 'critical', 'preventive', 'full', '0', 't', 'f', 'f', 'f', 'f', 'f', '2026-04-02 06:48:56.659842', '2026-04-02 06:48:56.659842', 'af88f921-2e07-48aa-a3e5-c556a2b2c223', 'af88f921-2e07-48aa-a3e5-c556a2b2c223', '1'),
  ('1307604b-71bf-44c0-91fb-d92c5fa1177b', 'bf4ae427-bdbd-469d-9731-2c9ce5f37db4', 'b185fd6a-0424-433e-9432-d9825d3ffb2d', 'default', 'DS.2-02', 'cryptography', 'critical', 'preventive', 'full', '0', 't', 'f', 'f', 'f', 'f', 'f', '2026-04-02 06:48:56.682814', '2026-04-02 06:48:56.682814', 'af88f921-2e07-48aa-a3e5-c556a2b2c223', 'af88f921-2e07-48aa-a3e5-c556a2b2c223', '1'),
  ('4924e8f6-fc76-4de9-9dc8-f5171b2265fb', 'bf4ae427-bdbd-469d-9731-2c9ce5f37db4', '8ec07dfc-df98-4e54-b16a-ea0d2dce5dbc', 'default', 'DS.3-01', 'change_management', 'high', 'preventive', 'partial', '0', 't', 'f', 'f', 'f', 'f', 'f', '2026-04-02 06:48:56.710113', '2026-04-02 06:48:56.710113', 'af88f921-2e07-48aa-a3e5-c556a2b2c223', 'af88f921-2e07-48aa-a3e5-c556a2b2c223', '1'),
  ('7dbf17ab-dc00-4293-8759-b25c0bd3b37b', 'bf4ae427-bdbd-469d-9731-2c9ce5f37db4', '8ec07dfc-df98-4e54-b16a-ea0d2dce5dbc', 'default', 'DS.3-02', 'network_security', 'high', 'preventive', 'partial', '0', 't', 'f', 'f', 'f', 'f', 'f', '2026-04-02 06:48:56.734845', '2026-04-02 06:48:56.734845', 'af88f921-2e07-48aa-a3e5-c556a2b2c223', 'af88f921-2e07-48aa-a3e5-c556a2b2c223', '1'),
  ('de10cdfc-be6e-4667-a4e8-373b08d062db', 'bf4ae427-bdbd-469d-9731-2c9ce5f37db4', 'f756a203-0020-4664-914d-37022f1809e1', 'default', 'BR.1-01', 'logging_monitoring', 'high', 'detective', 'full', '0', 't', 'f', 'f', 'f', 'f', 'f', '2026-04-02 06:48:56.761064', '2026-04-02 06:48:56.761064', 'af88f921-2e07-48aa-a3e5-c556a2b2c223', 'af88f921-2e07-48aa-a3e5-c556a2b2c223', '1'),
  ('caf5d5db-25ac-491e-9706-4c769d4a0736', 'bf4ae427-bdbd-469d-9731-2c9ce5f37db4', 'f756a203-0020-4664-914d-37022f1809e1', 'default', 'BR.1-02', 'logging_monitoring', 'high', 'detective', 'full', '0', 't', 'f', 'f', 'f', 'f', 'f', '2026-04-02 06:48:56.784416', '2026-04-02 06:48:56.784416', 'af88f921-2e07-48aa-a3e5-c556a2b2c223', 'af88f921-2e07-48aa-a3e5-c556a2b2c223', '1'),
  ('0404309d-cc09-493b-b740-59a3ddd68625', 'bf4ae427-bdbd-469d-9731-2c9ce5f37db4', 'ca5d7bad-1ce1-4f89-8683-8538d8ffb965', 'default', 'BR.2-01', 'incident_response', 'high', 'corrective', 'manual', '0', 't', 'f', 'f', 'f', 'f', 'f', '2026-04-02 06:48:56.808281', '2026-04-02 06:48:56.808281', 'af88f921-2e07-48aa-a3e5-c556a2b2c223', 'af88f921-2e07-48aa-a3e5-c556a2b2c223', '1'),
  ('01fb6753-484e-4b21-b936-eb8f7cc29f03', 'bf4ae427-bdbd-469d-9731-2c9ce5f37db4', 'ca5d7bad-1ce1-4f89-8683-8538d8ffb965', 'default', 'BR.2-02', 'incident_response', 'medium', 'detective', 'manual', '0', 't', 'f', 'f', 'f', 'f', 'f', '2026-04-02 06:48:56.830852', '2026-04-02 06:48:56.830852', 'af88f921-2e07-48aa-a3e5-c556a2b2c223', 'af88f921-2e07-48aa-a3e5-c556a2b2c223', '1'),
  ('a7b9c4ba-0304-4dfe-abc2-c01f328efaa0', 'bf4ae427-bdbd-469d-9731-2c9ce5f37db4', 'ec06de60-692a-4c32-b5f1-d54f6e8ccbb0', 'default', 'BR.3-01', 'compliance', 'critical', 'corrective', 'manual', '0', 't', 'f', 'f', 'f', 'f', 'f', '2026-04-02 06:48:56.853191', '2026-04-02 06:48:56.853191', 'af88f921-2e07-48aa-a3e5-c556a2b2c223', 'af88f921-2e07-48aa-a3e5-c556a2b2c223', '1'),
  ('45dd7e14-cfa4-4829-a527-1c746208ad0b', 'bf4ae427-bdbd-469d-9731-2c9ce5f37db4', 'ec06de60-692a-4c32-b5f1-d54f6e8ccbb0', 'default', 'BR.3-02', 'compliance', 'high', 'corrective', 'manual', '0', 't', 'f', 'f', 'f', 'f', 'f', '2026-04-02 06:48:56.878786', '2026-04-02 06:48:56.878786', 'af88f921-2e07-48aa-a3e5-c556a2b2c223', 'af88f921-2e07-48aa-a3e5-c556a2b2c223', '1'),
  ('c93f2e54-d760-4ebb-9a3d-17b01574035f', 'bf4ae427-bdbd-469d-9731-2c9ce5f37db4', '74203051-2264-4de1-9218-7d70f708bbfc', 'default', 'TP.1-01', 'vendor_management', 'high', 'preventive', 'manual', '0', 't', 'f', 'f', 'f', 'f', 'f', '2026-04-02 06:48:56.902808', '2026-04-02 06:48:56.902808', 'af88f921-2e07-48aa-a3e5-c556a2b2c223', 'af88f921-2e07-48aa-a3e5-c556a2b2c223', '1'),
  ('65f9561c-4b23-4034-94ce-845aa8adeab9', 'bf4ae427-bdbd-469d-9731-2c9ce5f37db4', '74203051-2264-4de1-9218-7d70f708bbfc', 'default', 'TP.1-02', 'vendor_management', 'medium', 'detective', 'partial', '0', 't', 'f', 'f', 'f', 'f', 'f', '2026-04-02 06:48:56.925323', '2026-04-02 06:48:56.925323', 'af88f921-2e07-48aa-a3e5-c556a2b2c223', 'af88f921-2e07-48aa-a3e5-c556a2b2c223', '1'),
  ('6696e699-a11d-419c-b9e6-1ec71d6dc1da', 'bf4ae427-bdbd-469d-9731-2c9ce5f37db4', 'aca4f0d1-cdd5-42c6-87a9-de9d00cc8a4c', 'default', 'TP.2-01', 'compliance', 'high', 'preventive', 'manual', '0', 't', 'f', 'f', 'f', 'f', 'f', '2026-04-02 06:48:56.947366', '2026-04-02 06:48:56.947366', 'af88f921-2e07-48aa-a3e5-c556a2b2c223', 'af88f921-2e07-48aa-a3e5-c556a2b2c223', '1'),
  ('27e8116c-7cbd-4cea-a520-4a1f4e442768', 'bf4ae427-bdbd-469d-9731-2c9ce5f37db4', 'aca4f0d1-cdd5-42c6-87a9-de9d00cc8a4c', 'default', 'TP.2-02', 'compliance', 'high', 'preventive', 'manual', '0', 't', 'f', 'f', 'f', 'f', 'f', '2026-04-02 06:48:56.971729', '2026-04-02 06:48:56.971729', 'af88f921-2e07-48aa-a3e5-c556a2b2c223', 'af88f921-2e07-48aa-a3e5-c556a2b2c223', '1'),
  ('297aa99f-f3a2-4c23-bd0d-847ab0c41fd7', 'bf4ae427-bdbd-469d-9731-2c9ce5f37db4', '3ad741a4-4131-46ab-a94f-5008da2d6d5a', 'default', 'TP.3-01', 'vendor_management', 'high', 'preventive', 'manual', '0', 't', 'f', 'f', 'f', 'f', 'f', '2026-04-02 06:48:56.99636', '2026-04-02 06:48:56.99636', 'af88f921-2e07-48aa-a3e5-c556a2b2c223', 'af88f921-2e07-48aa-a3e5-c556a2b2c223', '1'),
  ('a74590c0-780a-4008-8a2f-5418ef0ac44e', 'bf4ae427-bdbd-469d-9731-2c9ce5f37db4', '3ad741a4-4131-46ab-a94f-5008da2d6d5a', 'default', 'TP.3-02', 'vendor_management', 'medium', 'detective', 'manual', '0', 't', 'f', 'f', 'f', 'f', 'f', '2026-04-02 06:48:57.018996', '2026-04-02 06:48:57.018996', 'af88f921-2e07-48aa-a3e5-c556a2b2c223', 'af88f921-2e07-48aa-a3e5-c556a2b2c223', '1'),
  ('acee0431-e9a0-4aaf-aa11-eb31c8d4333a', 'bf4ae427-bdbd-469d-9731-2c9ce5f37db4', 'd55fc58e-459e-4c34-a702-86d94ad22e97', 'default', 'GV.1-01', 'compliance', 'high', 'preventive', 'manual', '0', 't', 'f', 'f', 'f', 'f', 'f', '2026-04-02 06:48:57.045452', '2026-04-02 06:48:57.045452', 'af88f921-2e07-48aa-a3e5-c556a2b2c223', 'af88f921-2e07-48aa-a3e5-c556a2b2c223', '1'),
  ('c742d6b5-1fbc-4126-beea-67344364370b', 'bf4ae427-bdbd-469d-9731-2c9ce5f37db4', 'd55fc58e-459e-4c34-a702-86d94ad22e97', 'default', 'GV.1-02', 'compliance', 'high', 'preventive', 'manual', '0', 't', 'f', 'f', 'f', 'f', 'f', '2026-04-02 06:48:57.070423', '2026-04-02 06:48:57.070423', 'af88f921-2e07-48aa-a3e5-c556a2b2c223', 'af88f921-2e07-48aa-a3e5-c556a2b2c223', '1'),
  ('b650a2d1-e16b-430f-b803-44ee0402f546', 'bf4ae427-bdbd-469d-9731-2c9ce5f37db4', 'f8a1b3ff-3bc3-46f7-8ea9-009c64300048', 'default', 'GV.2-01', 'asset_management', 'high', 'preventive', 'partial', '0', 't', 'f', 'f', 'f', 'f', 'f', '2026-04-02 06:48:57.094599', '2026-04-02 06:48:57.094599', 'af88f921-2e07-48aa-a3e5-c556a2b2c223', 'af88f921-2e07-48aa-a3e5-c556a2b2c223', '1'),
  ('cec256c0-bfa0-4375-a6c0-0ba140b9c566', 'bf4ae427-bdbd-469d-9731-2c9ce5f37db4', 'f8a1b3ff-3bc3-46f7-8ea9-009c64300048', 'default', 'GV.2-02', 'asset_management', 'medium', 'preventive', 'manual', '0', 't', 'f', 'f', 'f', 'f', 'f', '2026-04-02 06:48:57.118766', '2026-04-02 06:48:57.118766', 'af88f921-2e07-48aa-a3e5-c556a2b2c223', 'af88f921-2e07-48aa-a3e5-c556a2b2c223', '1'),
  ('9445c912-f18e-47de-870f-a523ed7ea020', 'bf4ae427-bdbd-469d-9731-2c9ce5f37db4', '70c6a365-7e92-4155-8363-ecec509f45cd', 'default', 'GV.3-01', 'hr_security', 'medium', 'preventive', 'manual', '0', 't', 'f', 'f', 'f', 'f', 'f', '2026-04-02 06:48:57.142523', '2026-04-02 06:48:57.142523', 'af88f921-2e07-48aa-a3e5-c556a2b2c223', 'af88f921-2e07-48aa-a3e5-c556a2b2c223', '1'),
  ('455a6ccb-d322-41cc-8a19-9edd28e62f4d', 'bf4ae427-bdbd-469d-9731-2c9ce5f37db4', '70c6a365-7e92-4155-8363-ecec509f45cd', 'default', 'GV.3-02', 'hr_security', 'low', 'detective', 'partial', '0', 't', 'f', 'f', 'f', 'f', 'f', '2026-04-02 06:48:57.16698', '2026-04-02 06:48:57.16698', 'af88f921-2e07-48aa-a3e5-c556a2b2c223', 'af88f921-2e07-48aa-a3e5-c556a2b2c223', '1')
ON CONFLICT (framework_id, control_code) DO NOTHING;

-- 7. Control properties
INSERT INTO "05_grc_library"."23_dtl_control_properties"
  (id, control_id, property_key, property_value, created_at, updated_at)
VALUES
  ('2c181a8c-43b0-4f62-b545-8b416ca63288', '2a55dcac-29b7-42fb-9c0b-2d1acec67db4', 'name', 'Publish Clear Privacy Notices', '2026-04-02 06:48:56.259815', '2026-04-02 06:48:56.259815'),
  ('01f0cd70-3342-4244-ac49-0debf2169c42', '2a55dcac-29b7-42fb-9c0b-2d1acec67db4', 'description', 'Publish privacy notices describing the categories of personal data collected and purposes of processing. Transparency ensures individuals understand how their data is used.', '2026-04-02 06:48:56.259815', '2026-04-02 06:48:56.259815'),
  ('05909b36-5fec-47f3-82f1-6aae470ea3dd', '2a55dcac-29b7-42fb-9c0b-2d1acec67db4', 'guidance', 'Provide notices on websites, apps, and data collection interfaces.', '2026-04-02 06:48:56.259815', '2026-04-02 06:48:56.259815'),
  ('ab118b03-8c1d-4cb4-98a5-56ff168a2ea0', '2a55dcac-29b7-42fb-9c0b-2d1acec67db4', 'implementation_guidance', '["Document categories of personal data collected", "Describe purpose of data processing", "Display notice at collection points", "Review notices annually"]', '2026-04-02 06:48:56.259815', '2026-04-02 06:48:56.259815'),
  ('8a9c18d1-9ff0-49ad-a2fe-9161f6569f87', '23a06dc5-5d43-46c1-b3c8-25f221c0a3ee', 'name', 'Maintain Versioned Privacy Notice Records', '2026-04-02 06:48:56.296266', '2026-04-02 06:48:56.296266'),
  ('2a3eb56b-fa65-4bce-949b-29ca0c262222', '23a06dc5-5d43-46c1-b3c8-25f221c0a3ee', 'description', 'Maintain historical records of privacy notices issued to users. This ensures legal traceability and accountability.', '2026-04-02 06:48:56.296266', '2026-04-02 06:48:56.296266'),
  ('5782ee8e-96d5-466f-a923-e2bd3e040c65', '23a06dc5-5d43-46c1-b3c8-25f221c0a3ee', 'guidance', 'Store notice versions and timestamps in document management systems.', '2026-04-02 06:48:56.296266', '2026-04-02 06:48:56.296266'),
  ('161b334b-df30-48e4-ac1c-711d607871de', '23a06dc5-5d43-46c1-b3c8-25f221c0a3ee', 'implementation_guidance', '["Maintain notice version history", "Record publication dates", "Archive previous notices", "Track updates and approvals"]', '2026-04-02 06:48:56.296266', '2026-04-02 06:48:56.296266'),
  ('f1e007d2-f0f4-4d5c-ac37-1164a35a62e8', 'd94c10ab-adfb-43b8-9e31-3317b68ec238', 'name', 'Collect Explicit User Consent', '2026-04-02 06:48:56.322793', '2026-04-02 06:48:56.322793'),
  ('c568174c-7503-4c27-acfa-1435202cb27d', 'd94c10ab-adfb-43b8-9e31-3317b68ec238', 'description', 'Ensure explicit consent is obtained prior to processing personal data. Consent must be freely given and verifiable.', '2026-04-02 06:48:56.322793', '2026-04-02 06:48:56.322793'),
  ('860d3feb-d6e3-40ad-8235-68e9745c7ae8', 'd94c10ab-adfb-43b8-9e31-3317b68ec238', 'guidance', 'Use consent prompts or checkboxes that require affirmative action.', '2026-04-02 06:48:56.322793', '2026-04-02 06:48:56.322793'),
  ('18bbc9f1-acfe-4c74-82cd-cc617c78e976', 'd94c10ab-adfb-43b8-9e31-3317b68ec238', 'implementation_guidance', '["Implement consent forms", "Capture timestamp of consent", "Link consent to user identity", "Store consent records"]', '2026-04-02 06:48:56.322793', '2026-04-02 06:48:56.322793'),
  ('d2892606-351f-4688-9aef-9aa5169e2d34', 'f3919571-100e-4f52-adef-01ca9777ec2e', 'name', 'Validate Consent Prior to Data Processing', '2026-04-02 06:48:56.350053', '2026-04-02 06:48:56.350053'),
  ('a25d5554-e2a0-4938-9205-821e145d06bd', 'f3919571-100e-4f52-adef-01ca9777ec2e', 'description', 'Verify consent status before collecting or processing personal data. This prevents unauthorized processing.', '2026-04-02 06:48:56.350053', '2026-04-02 06:48:56.350053'),
  ('4b3f1d56-5531-4e0a-a0f2-129cf8e46428', 'f3919571-100e-4f52-adef-01ca9777ec2e', 'guidance', 'Integrate consent checks within application workflows.', '2026-04-02 06:48:56.350053', '2026-04-02 06:48:56.350053'),
  ('73a55856-f588-4fa3-80bf-386b8976b0de', 'f3919571-100e-4f52-adef-01ca9777ec2e', 'implementation_guidance', '["Add consent verification logic", "Block processing without consent", "Maintain consent validation logs", "Periodically audit consent records"]', '2026-04-02 06:48:56.350053', '2026-04-02 06:48:56.350053'),
  ('f8e53440-76b4-45ea-8d37-e9046eda01c7', '2e3d58ad-3216-43f3-ae80-6c3880840089', 'name', 'Provide Consent Withdrawal Mechanisms', '2026-04-02 06:48:56.402739', '2026-04-02 06:48:56.402739'),
  ('7894262c-0dc2-4da5-b01f-b46f56f4214b', '2e3d58ad-3216-43f3-ae80-6c3880840089', 'description', 'Enable individuals to withdraw previously granted consent easily. Withdrawal must stop further processing.', '2026-04-02 06:48:56.402739', '2026-04-02 06:48:56.402739'),
  ('72179f3c-162d-4665-9b40-5ee52f66df64', '2e3d58ad-3216-43f3-ae80-6c3880840089', 'guidance', 'Offer withdrawal options in account settings or service portals.', '2026-04-02 06:48:56.402739', '2026-04-02 06:48:56.402739'),
  ('3a3b2434-ba9d-4d85-acf4-da470df45730', '2e3d58ad-3216-43f3-ae80-6c3880840089', 'implementation_guidance', '["Provide user withdrawal interface", "Record withdrawal requests", "Update consent records immediately", "Notify systems to halt processing"]', '2026-04-02 06:48:56.402739', '2026-04-02 06:48:56.402739'),
  ('51f8d6a1-455b-4168-ad4a-b47678132f5c', '5ad49965-4ff7-4f92-9f5c-c1278104a25a', 'name', 'Audit Consent Withdrawal Processing', '2026-04-02 06:48:56.428023', '2026-04-02 06:48:56.428023'),
  ('a5b941df-a3d2-4fde-a0c5-0e6eb68255f6', '5ad49965-4ff7-4f92-9f5c-c1278104a25a', 'description', 'Regularly audit whether consent withdrawal requests are processed correctly. This ensures compliance with privacy obligations.', '2026-04-02 06:48:56.428023', '2026-04-02 06:48:56.428023'),
  ('bb849808-8c68-4be9-a8d2-17750235bed4', '5ad49965-4ff7-4f92-9f5c-c1278104a25a', 'guidance', 'Conduct periodic reviews of withdrawal records.', '2026-04-02 06:48:56.428023', '2026-04-02 06:48:56.428023'),
  ('3325d1c6-b361-43c1-a9ea-a66589ce534c', '5ad49965-4ff7-4f92-9f5c-c1278104a25a', 'implementation_guidance', '["Review withdrawal logs", "Validate system processing changes", "Confirm cessation of processing", "Document audit outcomes"]', '2026-04-02 06:48:56.428023', '2026-04-02 06:48:56.428023'),
  ('89499594-920a-43a2-8ba8-f413176fe926', 'b28a0d6d-9207-4768-b27d-aba098b840f8', 'name', 'Provide Data Access Request Mechanism', '2026-04-02 06:48:56.46186', '2026-04-02 06:48:56.46186'),
  ('ec948d7c-1a92-4293-a383-ca9c949d21c1', 'b28a0d6d-9207-4768-b27d-aba098b840f8', 'description', 'Provide mechanisms allowing individuals to request access to their personal data. This ensures transparency and accountability.', '2026-04-02 06:48:56.46186', '2026-04-02 06:48:56.46186'),
  ('aace5dcd-32f9-4eef-bfa2-1d512973e26f', 'b28a0d6d-9207-4768-b27d-aba098b840f8', 'guidance', 'Implement secure request portals or support channels.', '2026-04-02 06:48:56.46186', '2026-04-02 06:48:56.46186'),
  ('d815593e-6cc1-4df9-9f63-6c225e16b0fa', 'b28a0d6d-9207-4768-b27d-aba098b840f8', 'implementation_guidance', '["Create access request workflow", "Verify requester identity", "Log request submissions", "Provide response timelines"]', '2026-04-02 06:48:56.46186', '2026-04-02 06:48:56.46186'),
  ('b28cfdd2-ad8a-4ec1-8806-7e1f2838501a', 'e90aa7ac-0fb3-4df5-83bd-076109cb2756', 'name', 'Allow Personal Data Corrections', '2026-04-02 06:48:56.492493', '2026-04-02 06:48:56.492493'),
  ('582ce114-9b63-4751-88f1-5a2acce23f55', 'e90aa7ac-0fb3-4df5-83bd-076109cb2756', 'description', 'Allow individuals to request corrections to inaccurate personal data. Maintaining accuracy reduces compliance risk.', '2026-04-02 06:48:56.492493', '2026-04-02 06:48:56.492493'),
  ('db330408-2484-4d84-b53d-6e5dd6ae48d0', 'e90aa7ac-0fb3-4df5-83bd-076109cb2756', 'guidance', 'Provide update workflows with verification.', '2026-04-02 06:48:56.492493', '2026-04-02 06:48:56.492493'),
  ('1b178087-2ab5-4b86-8591-57bfa188becb', 'e90aa7ac-0fb3-4df5-83bd-076109cb2756', 'implementation_guidance', '["Implement correction request process", "Validate identity before updates", "Maintain update logs", "Confirm corrections to requestor"]', '2026-04-02 06:48:56.492493', '2026-04-02 06:48:56.492493'),
  ('1cd493e0-7d26-481e-b2ed-50614951f22f', '2c17b690-8384-4633-9877-63b003735b5f', 'name', 'Process Data Erasure Requests', '2026-04-02 06:48:56.516558', '2026-04-02 06:48:56.516558'),
  ('dddf722e-a680-49bd-91b1-e6ab0ba20234', '2c17b690-8384-4633-9877-63b003735b5f', 'description', 'Provide the capability to delete personal data when legally required or requested by the data principal. This supports privacy rights and regulatory compliance.', '2026-04-02 06:48:56.516558', '2026-04-02 06:48:56.516558'),
  ('618c5151-d430-4df8-a946-710212751a5e', '2c17b690-8384-4633-9877-63b003735b5f', 'guidance', 'Integrate deletion workflows with data storage systems.', '2026-04-02 06:48:56.516558', '2026-04-02 06:48:56.516558'),
  ('a6528429-1ba3-4081-80d9-2a22704d2873', '2c17b690-8384-4633-9877-63b003735b5f', 'implementation_guidance', '["Document erasure procedures", "Validate requester identity", "Remove data from active systems", "Log deletion activity"]', '2026-04-02 06:48:56.516558', '2026-04-02 06:48:56.516558'),
  ('bbcd6adb-7e51-4a66-bb97-37511b6b35eb', 'b50943e0-0f78-45cd-91d8-0ca6d2dc6a51', 'name', 'Verify Completion of Data Deletion', '2026-04-02 06:48:56.538619', '2026-04-02 06:48:56.538619'),
  ('d54e7cfc-8964-4219-9474-603aca09f865', 'b50943e0-0f78-45cd-91d8-0ca6d2dc6a51', 'description', 'Verify that requested personal data deletions are fully completed across systems. This reduces risk of residual data exposure.', '2026-04-02 06:48:56.538619', '2026-04-02 06:48:56.538619'),
  ('0b3706bc-c9ac-41d0-92f4-d763696c4c33', 'b50943e0-0f78-45cd-91d8-0ca6d2dc6a51', 'guidance', 'Use system audits or automated checks.', '2026-04-02 06:48:56.538619', '2026-04-02 06:48:56.538619'),
  ('6ad4718e-efb1-4c11-b608-788cade123d9', 'b50943e0-0f78-45cd-91d8-0ca6d2dc6a51', 'implementation_guidance', '["Review deletion logs", "Check backup retention policies", "Validate removal from databases", "Document verification evidence"]', '2026-04-02 06:48:56.538619', '2026-04-02 06:48:56.538619'),
  ('32e7af16-e28c-4628-b151-4883a0752573', '9004c49f-e0ab-4a3c-bdd1-746fb6cd12c9', 'name', 'Establish Data Protection Grievance Channel', '2026-04-02 06:48:56.56241', '2026-04-02 06:48:56.56241'),
  ('cf7971d0-ead9-4513-a3ea-4d2048e15b60', '9004c49f-e0ab-4a3c-bdd1-746fb6cd12c9', 'description', 'Provide a formal grievance mechanism for individuals to report privacy concerns. This supports regulatory accountability.', '2026-04-02 06:48:56.56241', '2026-04-02 06:48:56.56241'),
  ('93afede7-d5fc-4e72-a2f8-3bb74128370e', '9004c49f-e0ab-4a3c-bdd1-746fb6cd12c9', 'guidance', 'Publish contact details of grievance officers.', '2026-04-02 06:48:56.56241', '2026-04-02 06:48:56.56241'),
  ('d3bf3c83-f33c-4091-8a94-c2933a1772bf', '9004c49f-e0ab-4a3c-bdd1-746fb6cd12c9', 'implementation_guidance', '["Designate grievance officer", "Create complaint intake process", "Log complaints", "Define response timelines"]', '2026-04-02 06:48:56.56241', '2026-04-02 06:48:56.56241'),
  ('b9d73283-3c56-41fd-8e03-e2ffbec8f202', '3e8ca063-8d91-40d4-9bb7-513987b0c62a', 'name', 'Track and Resolve Data Privacy Complaints', '2026-04-02 06:48:56.587623', '2026-04-02 06:48:56.587623'),
  ('75a9412c-3900-4890-8aee-a5c31c43aa2a', '3e8ca063-8d91-40d4-9bb7-513987b0c62a', 'description', 'Maintain records of grievances and track their resolution. Monitoring ensures accountability and continuous improvement.', '2026-04-02 06:48:56.587623', '2026-04-02 06:48:56.587623'),
  ('c0751b65-2ed9-4305-be40-f0eeb2b410a9', '3e8ca063-8d91-40d4-9bb7-513987b0c62a', 'guidance', 'Use ticketing or case management systems.', '2026-04-02 06:48:56.587623', '2026-04-02 06:48:56.587623'),
  ('3d9ba45e-001b-4852-b184-572d3f50c8ef', '3e8ca063-8d91-40d4-9bb7-513987b0c62a', 'implementation_guidance', '["Log all grievances", "Track investigation actions", "Record resolution outcomes", "Review trends periodically"]', '2026-04-02 06:48:56.587623', '2026-04-02 06:48:56.587623'),
  ('922eab7b-d706-4109-86d2-b8cc88123703', '62c64792-9f87-44e6-95a1-df2c0c9f1c21', 'name', 'Enforce Role Based Access Control', '2026-04-02 06:48:56.609832', '2026-04-02 06:48:56.609832'),
  ('d8f2f465-c12a-4f14-92f1-e291ae6c3977', '62c64792-9f87-44e6-95a1-df2c0c9f1c21', 'description', 'Restrict access to personal data based on defined job roles and responsibilities. This reduces unauthorized exposure.', '2026-04-02 06:48:56.609832', '2026-04-02 06:48:56.609832'),
  ('4f5bdfe9-df2e-4cdc-be0b-73262ba1f5ef', '62c64792-9f87-44e6-95a1-df2c0c9f1c21', 'guidance', 'Define access roles aligned with business functions.', '2026-04-02 06:48:56.609832', '2026-04-02 06:48:56.609832'),
  ('b4d51e7a-b014-4a3c-be6d-356d212d3b04', '62c64792-9f87-44e6-95a1-df2c0c9f1c21', 'implementation_guidance', '["Define access roles", "Grant least privilege access", "Review permissions periodically", "Remove unused accounts"]', '2026-04-02 06:48:56.609832', '2026-04-02 06:48:56.609832'),
  ('2ee48414-430b-4f98-a94b-eecc39391227', '911e2a3f-dd1d-4aa7-878b-36f97d84289c', 'name', 'Review Privileged Access Rights', '2026-04-02 06:48:56.634417', '2026-04-02 06:48:56.634417'),
  ('879cf6a8-9a25-43a2-94db-e795a2ee9989', '911e2a3f-dd1d-4aa7-878b-36f97d84289c', 'description', 'Regularly review privileged accounts to ensure they remain necessary and properly authorized. This prevents misuse of elevated permissions.', '2026-04-02 06:48:56.634417', '2026-04-02 06:48:56.634417'),
  ('ee109f34-7a21-44d1-8e8c-71965d981cc8', '911e2a3f-dd1d-4aa7-878b-36f97d84289c', 'guidance', 'Conduct periodic privileged access reviews.', '2026-04-02 06:48:56.634417', '2026-04-02 06:48:56.634417'),
  ('f7c0f3d9-7650-4305-8c55-245c61b77bc4', '911e2a3f-dd1d-4aa7-878b-36f97d84289c', 'implementation_guidance', '["Identify privileged accounts", "Perform quarterly access reviews", "Revoke unnecessary privileges", "Document approvals"]', '2026-04-02 06:48:56.634417', '2026-04-02 06:48:56.634417'),
  ('aaefa7a1-2772-4821-9ab8-d90e87e0d4e4', '3385f7dd-6c74-420d-8b3b-983a6abf45b0', 'name', 'Encrypt Personal Data in Transit', '2026-04-02 06:48:56.659842', '2026-04-02 06:48:56.659842'),
  ('e62163a4-7a70-4f94-8c1c-882efccb46d8', '3385f7dd-6c74-420d-8b3b-983a6abf45b0', 'description', 'Use strong encryption protocols to protect personal data transmitted over networks. This prevents interception by unauthorized parties.', '2026-04-02 06:48:56.659842', '2026-04-02 06:48:56.659842'),
  ('c78a6445-ff8c-4f81-aec3-2ce7ee441a4b', '3385f7dd-6c74-420d-8b3b-983a6abf45b0', 'guidance', 'Use modern TLS standards for data transmission.', '2026-04-02 06:48:56.659842', '2026-04-02 06:48:56.659842'),
  ('13a73712-3d1e-4b4d-bce7-698609d2bdd3', '3385f7dd-6c74-420d-8b3b-983a6abf45b0', 'implementation_guidance', '["Enforce HTTPS", "Disable weak ciphers", "Use secure APIs", "Monitor certificate validity"]', '2026-04-02 06:48:56.659842', '2026-04-02 06:48:56.659842'),
  ('afb68fa4-07bc-462c-bab0-6c70d8c40958', '1307604b-71bf-44c0-91fb-d92c5fa1177b', 'name', 'Encrypt Personal Data at Rest', '2026-04-02 06:48:56.682814', '2026-04-02 06:48:56.682814'),
  ('fa1421c5-e3bd-4711-9feb-0e8271ac3353', '1307604b-71bf-44c0-91fb-d92c5fa1177b', 'description', 'Apply encryption controls for stored personal data. Encryption limits exposure if storage systems are compromised.', '2026-04-02 06:48:56.682814', '2026-04-02 06:48:56.682814'),
  ('68ed43a7-a0dd-4294-9570-754b96a90a12', '1307604b-71bf-44c0-91fb-d92c5fa1177b', 'guidance', 'Use strong encryption for databases and storage volumes.', '2026-04-02 06:48:56.682814', '2026-04-02 06:48:56.682814'),
  ('8b9bb0d1-5508-492a-b30d-f474da4851e9', '1307604b-71bf-44c0-91fb-d92c5fa1177b', 'implementation_guidance', '["Enable disk encryption", "Protect encryption keys", "Use secure key management", "Audit encryption settings"]', '2026-04-02 06:48:56.682814', '2026-04-02 06:48:56.682814'),
  ('b680aab3-b87b-47e1-97fd-6a7bdaecfb62', '4924e8f6-fc76-4de9-9dc8-f5171b2265fb', 'name', 'Apply Security Patches to Systems', '2026-04-02 06:48:56.710113', '2026-04-02 06:48:56.710113'),
  ('eed2d398-c752-4b76-a795-fa422928c2fb', '4924e8f6-fc76-4de9-9dc8-f5171b2265fb', 'description', 'Ensure systems processing personal data receive timely security updates. This reduces vulnerability exploitation risk.', '2026-04-02 06:48:56.710113', '2026-04-02 06:48:56.710113'),
  ('1cd782fa-ca57-4f03-acf5-860a928db468', '4924e8f6-fc76-4de9-9dc8-f5171b2265fb', 'guidance', 'Maintain automated patch management processes.', '2026-04-02 06:48:56.710113', '2026-04-02 06:48:56.710113'),
  ('2ae676d2-5a8d-481e-9feb-126d9af97e65', '4924e8f6-fc76-4de9-9dc8-f5171b2265fb', 'implementation_guidance', '["Track asset patch status", "Test patches before deployment", "Apply patches regularly", "Document patch cycles"]', '2026-04-02 06:48:56.710113', '2026-04-02 06:48:56.710113'),
  ('2b5b75bb-6b38-47ff-bfd2-07b7175e1bc5', '7dbf17ab-dc00-4293-8759-b25c0bd3b37b', 'name', 'Harden Systems Processing Personal Data', '2026-04-02 06:48:56.734845', '2026-04-02 06:48:56.734845'),
  ('4b99e11d-1295-4cf6-a236-e82ace48eee7', '7dbf17ab-dc00-4293-8759-b25c0bd3b37b', 'description', 'Implement secure configuration standards for systems handling personal data. Hardened systems reduce exposure to compromise.', '2026-04-02 06:48:56.734845', '2026-04-02 06:48:56.734845'),
  ('48682ca6-5376-446e-9f55-237e6066f05d', '7dbf17ab-dc00-4293-8759-b25c0bd3b37b', 'guidance', 'Adopt baseline security configuration standards.', '2026-04-02 06:48:56.734845', '2026-04-02 06:48:56.734845'),
  ('16a4bd91-586f-4d7b-8357-3fe09af6ec25', '7dbf17ab-dc00-4293-8759-b25c0bd3b37b', 'implementation_guidance', '["Disable unnecessary services", "Apply configuration baselines", "Conduct configuration audits", "Maintain hardened images"]', '2026-04-02 06:48:56.734845', '2026-04-02 06:48:56.734845'),
  ('82d6a04e-f46f-4856-b0e3-6448dd534c14', 'de10cdfc-be6e-4667-a4e8-373b08d062db', 'name', 'Implement Security Event Logging', '2026-04-02 06:48:56.761064', '2026-04-02 06:48:56.761064'),
  ('53c02a46-410d-4421-a122-42f88f02e2af', 'de10cdfc-be6e-4667-a4e8-373b08d062db', 'description', 'Capture logs related to access and processing of personal data. Logging enables detection of suspicious activities.', '2026-04-02 06:48:56.761064', '2026-04-02 06:48:56.761064'),
  ('6797f8ab-fcb2-4c6d-b4e6-38ec0ceb0feb', 'de10cdfc-be6e-4667-a4e8-373b08d062db', 'guidance', 'Collect logs centrally for analysis.', '2026-04-02 06:48:56.761064', '2026-04-02 06:48:56.761064'),
  ('e105645d-5b30-4056-8c8e-181adaf84e17', 'de10cdfc-be6e-4667-a4e8-373b08d062db', 'implementation_guidance', '["Enable access logs", "Forward logs to SIEM", "Retain logs securely", "Monitor log integrity"]', '2026-04-02 06:48:56.761064', '2026-04-02 06:48:56.761064'),
  ('4d87216e-3d16-4e2f-a107-bd5c6dad5002', 'caf5d5db-25ac-491e-9706-4c769d4a0736', 'name', 'Monitor Systems for Security Anomalies', '2026-04-02 06:48:56.784416', '2026-04-02 06:48:56.784416'),
  ('d3a58162-1367-4119-a74f-fc8b3701bda6', 'caf5d5db-25ac-491e-9706-4c769d4a0736', 'description', 'Continuously monitor systems for indicators of compromise or suspicious behavior. Early detection limits breach impact.', '2026-04-02 06:48:56.784416', '2026-04-02 06:48:56.784416'),
  ('9f104230-cbc4-4422-9bc4-1a53efb74437', 'caf5d5db-25ac-491e-9706-4c769d4a0736', 'guidance', 'Use automated monitoring or SIEM alerts.', '2026-04-02 06:48:56.784416', '2026-04-02 06:48:56.784416'),
  ('899d3ce0-74b3-4f1b-bc79-00c40b786b7f', 'caf5d5db-25ac-491e-9706-4c769d4a0736', 'implementation_guidance', '["Define anomaly detection rules", "Monitor authentication events", "Investigate unusual activity", "Escalate alerts"]', '2026-04-02 06:48:56.784416', '2026-04-02 06:48:56.784416'),
  ('30b8ab98-f6b4-4e21-a6a6-e0d88c2548e9', '0404309d-cc09-493b-b740-59a3ddd68625', 'name', 'Maintain Data Breach Response Plan', '2026-04-02 06:48:56.808281', '2026-04-02 06:48:56.808281'),
  ('195bb018-f84f-4f18-991a-5f4f07184392', '0404309d-cc09-493b-b740-59a3ddd68625', 'description', 'Maintain a documented incident response plan addressing personal data breach scenarios. A defined process improves response effectiveness.', '2026-04-02 06:48:56.808281', '2026-04-02 06:48:56.808281'),
  ('f9355e5d-8e34-405b-82cb-5a1bfa0dec3b', '0404309d-cc09-493b-b740-59a3ddd68625', 'guidance', 'Document responsibilities and escalation paths.', '2026-04-02 06:48:56.808281', '2026-04-02 06:48:56.808281'),
  ('351bc7a0-3277-41f3-9b74-c46566c447de', '0404309d-cc09-493b-b740-59a3ddd68625', 'implementation_guidance', '["Define incident response team", "Document response procedures", "Establish escalation steps", "Review plan annually"]', '2026-04-02 06:48:56.808281', '2026-04-02 06:48:56.808281'),
  ('28131ff6-a2e6-4094-be0a-bfc496330564', '01fb6753-484e-4b21-b936-eb8f7cc29f03', 'name', 'Conduct Incident Response Exercises', '2026-04-02 06:48:56.830852', '2026-04-02 06:48:56.830852'),
  ('5dd44357-9d25-4287-833d-3da818cc88bd', '01fb6753-484e-4b21-b936-eb8f7cc29f03', 'description', 'Test breach response procedures through simulations or tabletop exercises. Testing ensures preparedness.', '2026-04-02 06:48:56.830852', '2026-04-02 06:48:56.830852'),
  ('ab2417f9-df56-45e5-8acf-151f9703053c', '01fb6753-484e-4b21-b936-eb8f7cc29f03', 'guidance', 'Perform periodic incident response drills.', '2026-04-02 06:48:56.830852', '2026-04-02 06:48:56.830852'),
  ('f7143799-ae6f-4110-b810-00850473095e', '01fb6753-484e-4b21-b936-eb8f7cc29f03', 'implementation_guidance', '["Plan simulation exercises", "Test escalation workflows", "Evaluate response time", "Document improvement actions"]', '2026-04-02 06:48:56.830852', '2026-04-02 06:48:56.830852'),
  ('b814255d-a4dc-4143-a322-3cc107803ffe', 'a7b9c4ba-0304-4dfe-abc2-c01f328efaa0', 'name', 'Notify Authorities of Data Breaches', '2026-04-02 06:48:56.853191', '2026-04-02 06:48:56.853191'),
  ('e0bb3495-3729-45a8-816c-b6cfefce2e4b', 'a7b9c4ba-0304-4dfe-abc2-c01f328efaa0', 'description', 'Report personal data breaches to relevant regulators within required timelines. Regulatory notification ensures transparency.', '2026-04-02 06:48:56.853191', '2026-04-02 06:48:56.853191'),
  ('fb34c829-af6f-40fc-bcb6-b4c21d6dd6ca', 'a7b9c4ba-0304-4dfe-abc2-c01f328efaa0', 'guidance', 'Maintain documented breach reporting procedures.', '2026-04-02 06:48:56.853191', '2026-04-02 06:48:56.853191'),
  ('6ba8f01f-eb14-4bd3-ac8f-85345e56ec52', 'a7b9c4ba-0304-4dfe-abc2-c01f328efaa0', 'implementation_guidance', '["Identify notification triggers", "Prepare breach reports", "Track reporting deadlines", "Document submissions"]', '2026-04-02 06:48:56.853191', '2026-04-02 06:48:56.853191'),
  ('0a887b55-1a3f-4af6-b3c2-7ab84214f73e', '45dd7e14-cfa4-4829-a527-1c746208ad0b', 'name', 'Notify Affected Individuals of Breaches', '2026-04-02 06:48:56.878786', '2026-04-02 06:48:56.878786'),
  ('bdea5bb1-677d-4ac4-adec-d9fe63323279', '45dd7e14-cfa4-4829-a527-1c746208ad0b', 'description', 'Notify affected individuals when personal data breaches impact their information. Timely notification helps individuals mitigate harm.', '2026-04-02 06:48:56.878786', '2026-04-02 06:48:56.878786'),
  ('a7e3d241-83e9-4e49-b388-97b5ceecc424', '45dd7e14-cfa4-4829-a527-1c746208ad0b', 'guidance', 'Define communication templates and procedures.', '2026-04-02 06:48:56.878786', '2026-04-02 06:48:56.878786'),
  ('48378a01-e4d8-4fa2-a645-6e0f521cac39', '45dd7e14-cfa4-4829-a527-1c746208ad0b', 'implementation_guidance', '["Prepare notification templates", "Identify affected individuals", "Send notifications promptly", "Track communication records"]', '2026-04-02 06:48:56.878786', '2026-04-02 06:48:56.878786'),
  ('0b62ba7e-500d-4c6e-b0a3-af37c57c0f0a', 'c93f2e54-d760-4ebb-9a3d-17b01574035f', 'name', 'Assess Third Party Data Processors', '2026-04-02 06:48:56.902808', '2026-04-02 06:48:56.902808'),
  ('d5326bd2-6767-4705-8cb2-52db85886f16', 'c93f2e54-d760-4ebb-9a3d-17b01574035f', 'description', 'Evaluate third party processors for compliance with data protection requirements. This reduces risk from external partners.', '2026-04-02 06:48:56.902808', '2026-04-02 06:48:56.902808'),
  ('e6b93afd-bfca-41b5-8a19-29c156edc56b', 'c93f2e54-d760-4ebb-9a3d-17b01574035f', 'guidance', 'Perform due diligence and security assessments.', '2026-04-02 06:48:56.902808', '2026-04-02 06:48:56.902808'),
  ('2f3aa26d-7cb1-4699-be6c-9f529c5a0044', 'c93f2e54-d760-4ebb-9a3d-17b01574035f', 'implementation_guidance', '["Review vendor security policies", "Assess compliance certifications", "Evaluate security practices", "Document assessment results"]', '2026-04-02 06:48:56.902808', '2026-04-02 06:48:56.902808'),
  ('614a55b4-123d-4ec0-a5da-c92e07c77486', '65f9561c-4b23-4034-94ce-845aa8adeab9', 'name', 'Monitor Processor Compliance', '2026-04-02 06:48:56.925323', '2026-04-02 06:48:56.925323'),
  ('db7a375c-5bf7-4445-a247-5477f83d4371', '65f9561c-4b23-4034-94ce-845aa8adeab9', 'description', 'Continuously monitor third party processors for compliance with contractual and regulatory requirements. Ongoing monitoring reduces operational risk.', '2026-04-02 06:48:56.925323', '2026-04-02 06:48:56.925323'),
  ('d1a6c094-f269-429d-8b6a-c0050ef50d6d', '65f9561c-4b23-4034-94ce-845aa8adeab9', 'guidance', 'Conduct periodic vendor reviews.', '2026-04-02 06:48:56.925323', '2026-04-02 06:48:56.925323'),
  ('ebe350ec-53d6-48aa-a5fc-326f1f894bfc', '65f9561c-4b23-4034-94ce-845aa8adeab9', 'implementation_guidance', '["Track vendor compliance status", "Review audit reports", "Monitor incidents involving vendors", "Maintain vendor risk register"]', '2026-04-02 06:48:56.925323', '2026-04-02 06:48:56.925323'),
  ('8604dbe2-47bd-4c2b-b67c-9fed654ebcd1', '6696e699-a11d-419c-b9e6-1ec71d6dc1da', 'name', 'Review Cross Border Data Transfers', '2026-04-02 06:48:56.947366', '2026-04-02 06:48:56.947366'),
  ('96dcd55e-0107-42f6-8cfa-e12738742d49', '6696e699-a11d-419c-b9e6-1ec71d6dc1da', 'description', 'Ensure cross border transfers of personal data comply with regulatory requirements. Improper transfers can lead to legal violations.', '2026-04-02 06:48:56.947366', '2026-04-02 06:48:56.947366'),
  ('d90cce1d-e44e-4cfd-9082-8ed08ba2187d', '6696e699-a11d-419c-b9e6-1ec71d6dc1da', 'guidance', 'Document jurisdictions and transfer mechanisms.', '2026-04-02 06:48:56.947366', '2026-04-02 06:48:56.947366'),
  ('f0a33d62-7e99-4954-98b4-46e06497b013', '6696e699-a11d-419c-b9e6-1ec71d6dc1da', 'implementation_guidance', '["Identify transfer destinations", "Review legal restrictions", "Document lawful transfer mechanisms", "Maintain transfer records"]', '2026-04-02 06:48:56.947366', '2026-04-02 06:48:56.947366'),
  ('20e626a2-432e-48ff-83f3-fc45b22425ef', '27e8116c-7cbd-4cea-a520-4a1f4e442768', 'name', 'Approve International Data Transfers', '2026-04-02 06:48:56.971729', '2026-04-02 06:48:56.971729'),
  ('74c8f835-6f5f-4bae-914c-9912a689c175', '27e8116c-7cbd-4cea-a520-4a1f4e442768', 'description', 'Require formal approval before transferring personal data across borders. Approval ensures oversight and legal validation.', '2026-04-02 06:48:56.971729', '2026-04-02 06:48:56.971729'),
  ('cb7ce0f7-8502-42dc-8163-2355093302fc', '27e8116c-7cbd-4cea-a520-4a1f4e442768', 'guidance', 'Implement approval workflow for transfers.', '2026-04-02 06:48:56.971729', '2026-04-02 06:48:56.971729'),
  ('f375e522-78ec-4a20-9e24-0d680c486959', '27e8116c-7cbd-4cea-a520-4a1f4e442768', 'implementation_guidance', '["Define approval authority", "Record transfer requests", "Review compliance requirements", "Maintain approval records"]', '2026-04-02 06:48:56.971729', '2026-04-02 06:48:56.971729'),
  ('b2a56ebf-e690-48ea-b18f-eca4b0092f60', '297aa99f-f3a2-4c23-bd0d-847ab0c41fd7', 'name', 'Include Data Protection Clauses in Contracts', '2026-04-02 06:48:56.99636', '2026-04-02 06:48:56.99636'),
  ('e0e3617c-2663-4acd-86de-89cc34a4b150', '297aa99f-f3a2-4c23-bd0d-847ab0c41fd7', 'description', 'Ensure contracts with processors include obligations to protect personal data. Contractual safeguards enforce accountability.', '2026-04-02 06:48:56.99636', '2026-04-02 06:48:56.99636'),
  ('39596190-a59b-4ac2-8e9a-c325591aadc0', '297aa99f-f3a2-4c23-bd0d-847ab0c41fd7', 'guidance', 'Use standardized data protection agreements.', '2026-04-02 06:48:56.99636', '2026-04-02 06:48:56.99636'),
  ('3edae7e5-f062-46c8-b172-19b737f4a7ac', '297aa99f-f3a2-4c23-bd0d-847ab0c41fd7', 'implementation_guidance', '["Define privacy obligations", "Require breach notification clauses", "Specify security controls", "Review contracts periodically"]', '2026-04-02 06:48:56.99636', '2026-04-02 06:48:56.99636'),
  ('f4bf5a35-b4f2-4491-9b93-7f8f76cac30d', 'a74590c0-780a-4008-8a2f-5418ef0ac44e', 'name', 'Review Vendor Data Protection Agreements', '2026-04-02 06:48:57.018996', '2026-04-02 06:48:57.018996'),
  ('7dc57114-8424-40ff-95e5-1670b5cb3817', 'a74590c0-780a-4008-8a2f-5418ef0ac44e', 'description', 'Periodically review vendor contracts to ensure they remain aligned with data protection laws. Regular review prevents outdated safeguards.', '2026-04-02 06:48:57.018996', '2026-04-02 06:48:57.018996'),
  ('78ffdc09-5a3a-4a46-adc2-d6e2310a758b', 'a74590c0-780a-4008-8a2f-5418ef0ac44e', 'guidance', 'Conduct legal review of processor agreements.', '2026-04-02 06:48:57.018996', '2026-04-02 06:48:57.018996'),
  ('6fa52fb4-6356-417f-aeb9-d734e308772b', 'a74590c0-780a-4008-8a2f-5418ef0ac44e', 'implementation_guidance', '["Maintain contract inventory", "Schedule contract reviews", "Update clauses as needed", "Track review completion"]', '2026-04-02 06:48:57.018996', '2026-04-02 06:48:57.018996'),
  ('3f99d73d-e35e-4823-b7de-24f11f2935b8', 'acee0431-e9a0-4aaf-aa11-eb31c8d4333a', 'name', 'Establish Data Protection Policy', '2026-04-02 06:48:57.045452', '2026-04-02 06:48:57.045452'),
  ('bae68a70-6d26-431f-8b83-e4e850d7cf04', 'acee0431-e9a0-4aaf-aa11-eb31c8d4333a', 'description', 'Maintain a formal data protection policy defining responsibilities and requirements for handling personal data. Policies guide consistent privacy practices.', '2026-04-02 06:48:57.045452', '2026-04-02 06:48:57.045452'),
  ('90ecc258-aa9a-4bd8-a582-42d72e473cbe', 'acee0431-e9a0-4aaf-aa11-eb31c8d4333a', 'guidance', 'Align policy with legal and regulatory requirements.', '2026-04-02 06:48:57.045452', '2026-04-02 06:48:57.045452'),
  ('8b087c1f-d9e7-41f3-81a6-eab780e9868b', 'acee0431-e9a0-4aaf-aa11-eb31c8d4333a', 'implementation_guidance', '["Define privacy principles", "Assign responsibilities", "Publish policy internally", "Review annually"]', '2026-04-02 06:48:57.045452', '2026-04-02 06:48:57.045452'),
  ('eade41f7-b562-4013-9ea5-a32349d9fe15', 'c742d6b5-1fbc-4126-beea-67344364370b', 'name', 'Assign Data Protection Accountability', '2026-04-02 06:48:57.070423', '2026-04-02 06:48:57.070423'),
  ('381e1818-6f7e-42da-8a43-5d330689e09f', 'c742d6b5-1fbc-4126-beea-67344364370b', 'description', 'Assign roles responsible for overseeing compliance with data protection obligations. Accountability ensures governance effectiveness.', '2026-04-02 06:48:57.070423', '2026-04-02 06:48:57.070423'),
  ('17fa0a84-7bed-4028-8834-68e337f1bb82', 'c742d6b5-1fbc-4126-beea-67344364370b', 'guidance', 'Designate a responsible privacy or data protection officer.', '2026-04-02 06:48:57.070423', '2026-04-02 06:48:57.070423'),
  ('de66c41a-2ce2-4260-886e-8e0bcb4a5186', 'c742d6b5-1fbc-4126-beea-67344364370b', 'implementation_guidance', '["Define governance structure", "Assign privacy oversight roles", "Document responsibilities", "Report to senior management"]', '2026-04-02 06:48:57.070423', '2026-04-02 06:48:57.070423'),
  ('700feb2e-c4d6-4428-b744-4c3fdda1d2a0', 'b650a2d1-e16b-430f-b803-44ee0402f546', 'name', 'Maintain Personal Data Inventory', '2026-04-02 06:48:57.094599', '2026-04-02 06:48:57.094599'),
  ('361c315c-9684-4995-b4e7-0aca253d59bf', 'b650a2d1-e16b-430f-b803-44ee0402f546', 'description', 'Maintain an inventory of systems and datasets containing personal data. Asset visibility supports risk management.', '2026-04-02 06:48:57.094599', '2026-04-02 06:48:57.094599'),
  ('a1b8880d-057c-4906-a0c5-ea0a32f35e7b', 'b650a2d1-e16b-430f-b803-44ee0402f546', 'guidance', 'Track data locations and processing purposes.', '2026-04-02 06:48:57.094599', '2026-04-02 06:48:57.094599'),
  ('74d21c3d-5539-4fbb-bf73-59827be62587', 'b650a2d1-e16b-430f-b803-44ee0402f546', 'implementation_guidance', '["Identify personal data systems", "Document data flows", "Update inventory periodically", "Assign asset owners"]', '2026-04-02 06:48:57.094599', '2026-04-02 06:48:57.094599'),
  ('e6bbe9fd-297b-4ac4-84c8-a7b8a32abb0f', 'cec256c0-bfa0-4375-a6c0-0ba140b9c566', 'name', 'Classify Personal Data Assets', '2026-04-02 06:48:57.118766', '2026-04-02 06:48:57.118766'),
  ('f1f67b04-7878-465f-87f0-71b62e97a7bf', 'cec256c0-bfa0-4375-a6c0-0ba140b9c566', 'description', 'Classify personal data based on sensitivity and regulatory requirements. Classification guides appropriate protection controls.', '2026-04-02 06:48:57.118766', '2026-04-02 06:48:57.118766'),
  ('9205e72e-2969-4475-a7d0-4e272f91c8a6', 'cec256c0-bfa0-4375-a6c0-0ba140b9c566', 'guidance', 'Define classification labels and handling rules.', '2026-04-02 06:48:57.118766', '2026-04-02 06:48:57.118766'),
  ('dff2e858-f369-4329-80bd-31692991eb35', 'cec256c0-bfa0-4375-a6c0-0ba140b9c566', 'implementation_guidance', '["Define classification levels", "Label datasets", "Document classification criteria", "Review classifications regularly"]', '2026-04-02 06:48:57.118766', '2026-04-02 06:48:57.118766'),
  ('41934cc6-f784-442e-a363-67b3678dda86', '9445c912-f18e-47de-870f-a523ed7ea020', 'name', 'Deliver Data Protection Training', '2026-04-02 06:48:57.142523', '2026-04-02 06:48:57.142523'),
  ('14babd04-f484-4461-8dcd-1b81e621d6be', '9445c912-f18e-47de-870f-a523ed7ea020', 'description', 'Provide regular training on personal data protection responsibilities to employees. Awareness reduces accidental data exposure.', '2026-04-02 06:48:57.142523', '2026-04-02 06:48:57.142523'),
  ('7d489e4f-ba16-4fde-87a0-97684dbdc611', '9445c912-f18e-47de-870f-a523ed7ea020', 'guidance', 'Include privacy topics in security awareness programs.', '2026-04-02 06:48:57.142523', '2026-04-02 06:48:57.142523'),
  ('441e1448-283a-4de3-8091-c9c1f8fba14b', '9445c912-f18e-47de-870f-a523ed7ea020', 'implementation_guidance', '["Develop training materials", "Conduct periodic sessions", "Track employee completion", "Update content regularly"]', '2026-04-02 06:48:57.142523', '2026-04-02 06:48:57.142523'),
  ('1bb6b7d3-65dd-49c5-9097-0edc73a32634', '455a6ccb-d322-41cc-8a19-9edd28e62f4d', 'name', 'Evaluate Employee Privacy Awareness', '2026-04-02 06:48:57.16698', '2026-04-02 06:48:57.16698'),
  ('b41200ba-1a15-4a32-9b43-2a993626046d', '455a6ccb-d322-41cc-8a19-9edd28e62f4d', 'description', 'Assess employee understanding of data protection obligations through tests or evaluations. This ensures training effectiveness.', '2026-04-02 06:48:57.16698', '2026-04-02 06:48:57.16698'),
  ('36d7ea95-9e11-491d-bdde-b52fe6473e8b', '455a6ccb-d322-41cc-8a19-9edd28e62f4d', 'guidance', 'Use quizzes or periodic assessments.', '2026-04-02 06:48:57.16698', '2026-04-02 06:48:57.16698'),
  ('201c8110-a8e1-4452-96f6-6ea178c0577a', '455a6ccb-d322-41cc-8a19-9edd28e62f4d', 'implementation_guidance', '["Conduct awareness tests", "Review assessment results", "Provide refresher training", "Track improvement metrics"]', '2026-04-02 06:48:57.16698', '2026-04-02 06:48:57.16698')
ON CONFLICT (control_id, property_key) DO UPDATE SET
  property_value = EXCLUDED.property_value, updated_at = EXCLUDED.updated_at;

-- 11. Framework version control links
INSERT INTO "05_grc_library"."31_lnk_framework_version_controls"
  (id, framework_version_id, control_id, sort_order, created_at, created_by)
VALUES
  ('5ea14ce9-d35f-43aa-96cd-6ebf76f5c401', 'b7161188-c46f-4ad9-ae2e-514dfcc78dad', '2a55dcac-29b7-42fb-9c0b-2d1acec67db4', '0', '2026-04-02 07:13:24.870999', 'af88f921-2e07-48aa-a3e5-c556a2b2c223'),
  ('01f50b0c-7c39-45ea-9d8c-3a9ebdd9cc35', 'b7161188-c46f-4ad9-ae2e-514dfcc78dad', '23a06dc5-5d43-46c1-b3c8-25f221c0a3ee', '0', '2026-04-02 07:13:24.870999', 'af88f921-2e07-48aa-a3e5-c556a2b2c223'),
  ('b8fa9454-b4c1-47e9-9733-510346c46060', 'b7161188-c46f-4ad9-ae2e-514dfcc78dad', 'd94c10ab-adfb-43b8-9e31-3317b68ec238', '0', '2026-04-02 07:13:24.870999', 'af88f921-2e07-48aa-a3e5-c556a2b2c223'),
  ('67878bd0-1187-4d71-b7ea-5772da0dca41', 'b7161188-c46f-4ad9-ae2e-514dfcc78dad', 'f3919571-100e-4f52-adef-01ca9777ec2e', '0', '2026-04-02 07:13:24.870999', 'af88f921-2e07-48aa-a3e5-c556a2b2c223'),
  ('051900ed-96a9-41ff-94d4-3e7c501305a2', 'b7161188-c46f-4ad9-ae2e-514dfcc78dad', '2e3d58ad-3216-43f3-ae80-6c3880840089', '0', '2026-04-02 07:13:24.870999', 'af88f921-2e07-48aa-a3e5-c556a2b2c223'),
  ('1546d916-d44a-452a-ad38-67a16a9c5ead', 'b7161188-c46f-4ad9-ae2e-514dfcc78dad', '5ad49965-4ff7-4f92-9f5c-c1278104a25a', '0', '2026-04-02 07:13:24.870999', 'af88f921-2e07-48aa-a3e5-c556a2b2c223'),
  ('04bf72b3-6207-4fca-a962-c46a7d9be62d', 'b7161188-c46f-4ad9-ae2e-514dfcc78dad', 'b28a0d6d-9207-4768-b27d-aba098b840f8', '0', '2026-04-02 07:13:24.870999', 'af88f921-2e07-48aa-a3e5-c556a2b2c223'),
  ('1be49c08-516a-4062-a114-122113b7890b', 'b7161188-c46f-4ad9-ae2e-514dfcc78dad', 'e90aa7ac-0fb3-4df5-83bd-076109cb2756', '0', '2026-04-02 07:13:24.870999', 'af88f921-2e07-48aa-a3e5-c556a2b2c223'),
  ('0b322482-2cc5-4696-a150-19607db63fc2', 'b7161188-c46f-4ad9-ae2e-514dfcc78dad', '2c17b690-8384-4633-9877-63b003735b5f', '0', '2026-04-02 07:13:24.870999', 'af88f921-2e07-48aa-a3e5-c556a2b2c223'),
  ('782729ee-5d20-4d30-a1d7-3cc826f535df', 'b7161188-c46f-4ad9-ae2e-514dfcc78dad', 'b50943e0-0f78-45cd-91d8-0ca6d2dc6a51', '0', '2026-04-02 07:13:24.870999', 'af88f921-2e07-48aa-a3e5-c556a2b2c223'),
  ('0507f472-fa0e-4f22-b286-e6c70f8d5748', 'b7161188-c46f-4ad9-ae2e-514dfcc78dad', '9004c49f-e0ab-4a3c-bdd1-746fb6cd12c9', '0', '2026-04-02 07:13:24.870999', 'af88f921-2e07-48aa-a3e5-c556a2b2c223'),
  ('eed6832b-8b27-42d2-9757-7ae955e8afbb', 'b7161188-c46f-4ad9-ae2e-514dfcc78dad', '3e8ca063-8d91-40d4-9bb7-513987b0c62a', '0', '2026-04-02 07:13:24.870999', 'af88f921-2e07-48aa-a3e5-c556a2b2c223'),
  ('52abb9fe-b71b-44f8-a241-26c1f8b0f167', 'b7161188-c46f-4ad9-ae2e-514dfcc78dad', '62c64792-9f87-44e6-95a1-df2c0c9f1c21', '0', '2026-04-02 07:13:24.870999', 'af88f921-2e07-48aa-a3e5-c556a2b2c223'),
  ('619de7b7-cde2-448d-955f-82b33dc9adc1', 'b7161188-c46f-4ad9-ae2e-514dfcc78dad', '911e2a3f-dd1d-4aa7-878b-36f97d84289c', '0', '2026-04-02 07:13:24.870999', 'af88f921-2e07-48aa-a3e5-c556a2b2c223'),
  ('ef776d59-55aa-4f37-ac04-33cb4198606d', 'b7161188-c46f-4ad9-ae2e-514dfcc78dad', '3385f7dd-6c74-420d-8b3b-983a6abf45b0', '0', '2026-04-02 07:13:24.870999', 'af88f921-2e07-48aa-a3e5-c556a2b2c223'),
  ('e252978b-8b73-4e6c-a99d-0cc3fb0de40e', 'b7161188-c46f-4ad9-ae2e-514dfcc78dad', '1307604b-71bf-44c0-91fb-d92c5fa1177b', '0', '2026-04-02 07:13:24.870999', 'af88f921-2e07-48aa-a3e5-c556a2b2c223'),
  ('fe0bfa5c-a1ab-4594-829b-d4d2a8ea5fef', 'b7161188-c46f-4ad9-ae2e-514dfcc78dad', '4924e8f6-fc76-4de9-9dc8-f5171b2265fb', '0', '2026-04-02 07:13:24.870999', 'af88f921-2e07-48aa-a3e5-c556a2b2c223'),
  ('8f9c95d7-1c38-46b7-a003-0516efd90694', 'b7161188-c46f-4ad9-ae2e-514dfcc78dad', '7dbf17ab-dc00-4293-8759-b25c0bd3b37b', '0', '2026-04-02 07:13:24.870999', 'af88f921-2e07-48aa-a3e5-c556a2b2c223'),
  ('5df9ac59-6e31-4776-b91f-837087c5d5b9', 'b7161188-c46f-4ad9-ae2e-514dfcc78dad', 'de10cdfc-be6e-4667-a4e8-373b08d062db', '0', '2026-04-02 07:13:24.870999', 'af88f921-2e07-48aa-a3e5-c556a2b2c223'),
  ('e4a3579e-6eb4-4799-ac31-99eebd351d36', 'b7161188-c46f-4ad9-ae2e-514dfcc78dad', 'caf5d5db-25ac-491e-9706-4c769d4a0736', '0', '2026-04-02 07:13:24.870999', 'af88f921-2e07-48aa-a3e5-c556a2b2c223'),
  ('eb42931a-3d60-41ee-82ba-f3d42d5b3f7b', 'b7161188-c46f-4ad9-ae2e-514dfcc78dad', '0404309d-cc09-493b-b740-59a3ddd68625', '0', '2026-04-02 07:13:24.870999', 'af88f921-2e07-48aa-a3e5-c556a2b2c223'),
  ('b9fdc5f2-aee9-45c7-abdf-1823590f6d2a', 'b7161188-c46f-4ad9-ae2e-514dfcc78dad', '01fb6753-484e-4b21-b936-eb8f7cc29f03', '0', '2026-04-02 07:13:24.870999', 'af88f921-2e07-48aa-a3e5-c556a2b2c223'),
  ('c3bcbb75-b9a1-4cf9-a12a-06372dd33a6e', 'b7161188-c46f-4ad9-ae2e-514dfcc78dad', 'a7b9c4ba-0304-4dfe-abc2-c01f328efaa0', '0', '2026-04-02 07:13:24.870999', 'af88f921-2e07-48aa-a3e5-c556a2b2c223'),
  ('e6c38586-dc6c-4f44-b515-c7e7bcc80d0e', 'b7161188-c46f-4ad9-ae2e-514dfcc78dad', '45dd7e14-cfa4-4829-a527-1c746208ad0b', '0', '2026-04-02 07:13:24.870999', 'af88f921-2e07-48aa-a3e5-c556a2b2c223'),
  ('924be2c9-a9d8-4093-bd45-c724fe3386ca', 'b7161188-c46f-4ad9-ae2e-514dfcc78dad', 'c93f2e54-d760-4ebb-9a3d-17b01574035f', '0', '2026-04-02 07:13:24.870999', 'af88f921-2e07-48aa-a3e5-c556a2b2c223'),
  ('7b420da7-f68e-4d7b-8ab8-403a33c23a17', 'b7161188-c46f-4ad9-ae2e-514dfcc78dad', '65f9561c-4b23-4034-94ce-845aa8adeab9', '0', '2026-04-02 07:13:24.870999', 'af88f921-2e07-48aa-a3e5-c556a2b2c223'),
  ('9797ca0a-578e-4620-9255-9ecfe69cc1e0', 'b7161188-c46f-4ad9-ae2e-514dfcc78dad', '6696e699-a11d-419c-b9e6-1ec71d6dc1da', '0', '2026-04-02 07:13:24.870999', 'af88f921-2e07-48aa-a3e5-c556a2b2c223'),
  ('1b583656-3762-4969-b140-9aea7f88cab3', 'b7161188-c46f-4ad9-ae2e-514dfcc78dad', '27e8116c-7cbd-4cea-a520-4a1f4e442768', '0', '2026-04-02 07:13:24.870999', 'af88f921-2e07-48aa-a3e5-c556a2b2c223'),
  ('2ee20a9d-25ec-4535-a2ab-9878f879d147', 'b7161188-c46f-4ad9-ae2e-514dfcc78dad', '297aa99f-f3a2-4c23-bd0d-847ab0c41fd7', '0', '2026-04-02 07:13:24.870999', 'af88f921-2e07-48aa-a3e5-c556a2b2c223'),
  ('21fb2040-a5b0-4a4c-ad05-607487f86dbe', 'b7161188-c46f-4ad9-ae2e-514dfcc78dad', 'a74590c0-780a-4008-8a2f-5418ef0ac44e', '0', '2026-04-02 07:13:24.870999', 'af88f921-2e07-48aa-a3e5-c556a2b2c223'),
  ('efa1d774-9075-4b37-bcc4-482e406f076e', 'b7161188-c46f-4ad9-ae2e-514dfcc78dad', 'acee0431-e9a0-4aaf-aa11-eb31c8d4333a', '0', '2026-04-02 07:13:24.870999', 'af88f921-2e07-48aa-a3e5-c556a2b2c223'),
  ('9bb90fd0-fa77-4bda-b4aa-1874c4644aa9', 'b7161188-c46f-4ad9-ae2e-514dfcc78dad', 'c742d6b5-1fbc-4126-beea-67344364370b', '0', '2026-04-02 07:13:24.870999', 'af88f921-2e07-48aa-a3e5-c556a2b2c223'),
  ('3b802ecd-f089-40c3-8af5-d26ec6d23112', 'b7161188-c46f-4ad9-ae2e-514dfcc78dad', 'b650a2d1-e16b-430f-b803-44ee0402f546', '0', '2026-04-02 07:13:24.870999', 'af88f921-2e07-48aa-a3e5-c556a2b2c223'),
  ('72adf13d-be29-463d-a402-4028645a2fbb', 'b7161188-c46f-4ad9-ae2e-514dfcc78dad', 'cec256c0-bfa0-4375-a6c0-0ba140b9c566', '0', '2026-04-02 07:13:24.870999', 'af88f921-2e07-48aa-a3e5-c556a2b2c223'),
  ('ac4b2999-b752-41ce-a4b3-5e7206906e7c', 'b7161188-c46f-4ad9-ae2e-514dfcc78dad', '9445c912-f18e-47de-870f-a523ed7ea020', '0', '2026-04-02 07:13:24.870999', 'af88f921-2e07-48aa-a3e5-c556a2b2c223'),
  ('d921d233-a4c9-4bd6-af8d-e8c7de3cfc0b', 'b7161188-c46f-4ad9-ae2e-514dfcc78dad', '455a6ccb-d322-41cc-8a19-9edd28e62f4d', '0', '2026-04-02 07:13:24.870999', 'af88f921-2e07-48aa-a3e5-c556a2b2c223')
ON CONFLICT (framework_version_id, control_id) DO NOTHING;

-- DOWN ========================================================================
-- DELETE FROM "05_grc_library"."10_fct_frameworks" WHERE framework_code = 'dpdp_3';
-- (cascades to versions, requirements, controls via FK)